target_month,station_id,district_id,month_number,current_count,lag_1,lag_2,lag_3,lag_12,rolling_mean_6,rolling_mean_12,rolling_std_12,anomaly_class
2023-08-01,130,5,8,5,7,8,6,10,7.0,7.083,2.234,0
2023-07-01,14,1,7,23,15,19,22,12,19.833,17.917,4.981,0
2024-03-01,140,6,3,4,3,7,6,6,5.167,5.917,2.275,0
2023-09-01,162,9,9,9,9,6,3,11,5.667,6.75,2.701,0
2024-02-01,96,1,2,16,17,14,18,16,17.5,19.333,4.185,0
2025-02-01,42,1,2,24,24,17,19,17,19.667,17.917,3.965,0
2023-11-01,12,1,11,22,14,18,16,15,17.167,16.75,2.179,1
2025-12-01,128,5,12,6,5,5,5,5,5.833,6.25,2.8,0
2023-07-01,22,1,7,25,18,16,22,15,17.667,18.083,3.147,1
2023-06-01,140,6,6,3,10,4,6,6,6.0,6.333,2.146,0
2025-01-01,128,5,1,5,5,10,7,10,6.333,6.833,2.855,0
2024-08-01,56,1,8,12,13,23,14,25,18.5,19.75,5.379,0
2024-12-01,100,1,12,28,19,17,22,15,17.667,20.083,4.209,0
2024-04-01,159,9,4,12,4,8,5,4,7.167,6.25,2.301,1
2025-12-01,21,1,12,18,16,21,26,17,19.833,17.917,5.178,0
2024-03-01,28,1,3,24,15,27,26,15,19.5,18.5,5.469,0
2023-06-01,129,5,6,7,8,4,6,5,5.833,5.917,1.975,0
2023-04-01,40,1,4,30,29,10,24,20,19.833,18.667,4.849,1
2025-03-01,138,6,3,8,9,6,9,8,7.167,7.667,1.969,0
2023-03-01,146,7,3,3,10,10,6,9,7.333,7.833,3.099,0
2025-07-01,98,1,7,20,20,21,11,20,17.0,17.917,4.231,0
2024-02-01,126,5,2,11,4,6,14,6,9.0,6.75,3.769,0
2025-09-01,27,1,9,19,24,20,21,15,19.333,18.083,3.315,0
2024-11-01,15,1,11,15,25,21,15,20,18.167,17.25,3.841,0
2025-11-01,110,3,11,9,5,5,6,9,5.333,7.5,3.06,0
2023-08-01,96,1,8,17,24,17,27,27,21.167,20.333,4.755,0
2023-07-01,121,4,7,6,8,5,6,9,7.167,8.0,2.763,0
2025-08-01,14,1,8,21,11,12,13,12,16.667,16.0,4.973,0
2024-07-01,22,1,7,18,16,14,19,25,16.167,17.5,3.896,0
2025-12-01,18,1,12,17,14,19,10,17,17.833,20.25,5.77,0
2023-11-01,6,1,11,20,24,18,14,18,16.167,15.5,3.826,0
2023-06-01,124,4,6,6,12,6,6,8,7.5,7.083,2.109,0
2024-08-01,106,2,8,10,8,10,11,9,8.667,7.75,2.179,0
2023-05-01,53,1,5,14,25,23,13,25,19.5,19.75,4.957,0
2023-07-01,70,1,7,29,11,21,15,24,17.333,18.583,4.144,1
2024-03-01,96,1,3,30,16,17,14,20,17.333,19.333,4.185,1
2024-02-01,115,3,2,6,11,4,11,7,7.667,7.833,2.791,0
2023-06-01,134,6,6,6,5,8,10,4,7.5,6.833,2.98,0
2024-07-01,67,1,7,20,26,21,12,23,21.0,20.667,4.185,0
2024-11-01,160,9,11,7,9,9,11,10,8.833,7.0,3.516,0
2024-10-01,101,2,10,6,14,7,9,6,8.667,7.667,2.871,0
2024-07-01,105,2,7,7,9,7,7,7,8.667,8.0,2.892,0
2025-10-01,113,3,10,11,6,7,7,6,6.667,5.833,1.85,1
2025-07-01,12,1,7,23,19,19,21,21,17.333,18.083,4.1,0
2024-04-01,131,5,4,11,10,11,13,8,8.333,7.167,3.07,0
2023-12-01,31,1,12,27,13,12,20,20,17.5,18.583,3.965,1
2024-06-01,114,3,6,6,4,13,5,15,6.0,6.333,3.774,0
2024-09-01,68,1,9,20,11,16,21,20,20.0,19.333,6.125,0
2023-06-01,141,7,6,5,10,4,8,5,4.833,5.417,3.397,0
2024-02-01,56,1,2,14,21,20,23,20,21.0,20.333,4.053,0
2025-11-01,26,1,11,18,17,22,17,19,20.833,20.583,4.461,0
2023-08-01,54,1,8,35,18,14,26,21,17.333,17.75,5.011,1
2023-01-01,129,5,1,6,7,5,9,9,6.333,6.917,2.314,0
2025-02-01,126,5,2,8,9,9,6,11,8.333,7.417,2.392,0
2023-11-01,41,1,11,20,19,24,19,26,19.833,19.167,4.239,0
2025-04-01,70,1,4,15,22,14,24,15,17.5,18.25,4.615,0
2025-09-01,99,1,9,23,16,12,13,21,15.5,15.75,3.137,1
2023-05-01,89,1,5,22,22,22,22,20,21.667,19.917,4.602,0
2023-05-01,26,1,5,26,21,21,22,11,20.667,18.583,3.704,1
2023-08-01,125,5,8,11,6,7,10,6,8.0,7.417,1.73,1
2024-02-01,73,1,2,15,22,13,19,15,18.333,17.667,3.284,0
2023-07-01,6,1,7,14,16,11,17,20,14.5,15.75,4.864,0
2023-02-01,45,1,2,13,17,20,14,19,18.167,17.667,2.995,0
2025-07-01,117,4,7,13,5,6,5,7,6.833,6.917,2.392,1
2024-03-01,91,1,3,16,13,17,19,24,16.0,16.833,3.713,0
2024-07-01,74,1,7,14,21,15,19,23,19.167,19.0,3.838,0
2023-10-01,45,1,10,25,11,15,12,22,15.667,16.5,3.656,1
2023-01-01,40,1,1,24,16,22,18,12,17.5,17.167,2.623,1
2025-09-01,95,1,9,17,23,21,14,16,18.5,19.583,3.554,0
2025-04-01,111,3,4,8,5,5,7,7,5.833,6.5,1.834,0
2025-02-01,32,1,2,16,21,16,17,22,18.833,18.5,4.232,0
2024-08-01,150,8,8,14,8,4,9,3,6.5,7.25,2.989,1
2023-04-01,28,1,4,28,15,19,18,15,16.333,15.75,4.159,1
2025-11-01,159,9,11,15,5,5,8,4,5.833,6.083,1.929,1
2025-07-01,75,1,7,22,21,19,24,16,21.333,18.5,4.815,0
2024-03-01,87,1,3,19,17,16,15,12,17.0,17.417,2.843,0
2025-03-01,132,5,3,10,9,7,9,13,7.167,7.25,2.768,0
2024-04-01,162,9,4,4,6,7,9,6,7.5,6.917,2.968,0
2025-04-01,24,1,4,24,17,20,19,15,19.333,17.833,2.791,1
2024-05-01,107,2,5,10,6,6,6,6,6.333,5.75,1.765,1
2023-09-01,107,2,9,7,4,8,4,4,6.167,5.5,2.023,0
2023-02-01,27,1,2,16,28,18,26,21,21.0,20.167,3.857,0
2023-05-01,110,3,5,12,3,3,3,4,5.0,5.25,2.301,1
2024-05-01,55,1,5,21,18,14,18,17,16.167,16.417,3.288,0
2023-08-01,127,5,8,9,9,7,6,5,8.167,8.0,2.796,0
2024-10-01,46,1,10,14,26,15,15,17,16.667,17.833,4.174,0
2025-11-01,129,5,11,5,8,6,9,2,7.5,6.083,3.029,0
2023-08-01,46,1,8,18,19,13,15,17,17.0,18.167,3.271,0
2025-11-01,101,2,11,4,8,7,7,5,7.0,7.25,3.279,0
2025-10-01,120,4,10,5,6,6,7,5,6.833,6.75,2.563,0
2024-12-01,142,7,12,5,12,2,8,10,7.667,7.75,2.864,0
2023-05-01,23,1,5,17,20,17,19,12,17.833,18.25,2.958,0
2024-12-01,125,5,12,4,5,5,6,8,6.0,5.917,2.466,0
2024-09-01,162,9,9,13,7,9,11,9,6.833,7.417,3.118,0
2025-04-01,89,1,4,18,18,12,22,19,18.5,18.833,3.95,0
2023-12-01,72,1,12,30,19,21,22,17,18.667,19.417,5.089,1
2025-09-01,135,6,9,12,3,7,6,7,5.0,6.167,2.082,1
2023-03-01,109,3,3,9,11,11,8,7,7.833,7.5,2.844,0
2025-02-01,109,3,2,12,6,6,6,6,6.833,6.583,1.379,1
2023-05-01,148,7,5,14,1,8,5,9,5.333,6.083,2.429,1
2023-06-01,49,1,6,16,12,16,18,18,16.0,18.25,5.065,0
2023-07-01,45,1,7,12,17,17,22,23,17.333,18.25,3.108,0
2023-07-01,139,6,7,12,5,12,7,3,6.667,6.333,2.839,0
2023-07-01,4,1,7,19,19,21,17,17,19.167,17.583,4.188,0
2023-08-01,32,1,8,14,23,29,22,25,23.167,20.5,5.633,0
2025-09-01,87,1,9,20,17,14,25,27,19.167,18.583,4.963,0
2025-07-01,10,1,7,14,21,16,32,14,21.0,19.333,5.929,0
2024-12-01,22,1,12,28,19,14,16,18,17.167,16.833,3.298,1
2024-03-01,2,1,3,7,7,17,13,15,14.5,18.333,5.821,0
2024-12-01,118,4,12,12,8,5,2,7,5.333,6.25,2.379,1
2023-03-01,16,1,3,25,17,21,11,16,15.5,16.833,3.129,1
2025-07-01,16,1,7,27,11,20,24,16,19.0,18.75,4.093,1
2023-05-01,42,1,5,14,12,23,14,13,18.167,18.75,6.151,0
2025-03-01,32,1,3,17,16,21,16,13,17.667,18.0,4.134,0
2024-02-01,69,1,2,21,19,22,18,18,19.333,19.667,2.902,0
2024-12-01,38,1,12,21,14,18,17,22,18.0,18.833,3.486,0
2025-06-01,47,1,6,27,15,13,18,26,17.5,18.5,4.079,1
2024-10-01,156,8,10,13,7,6,11,9,7.167,7.167,2.443,1
2023-01-01,159,9,1,12,6,6,6,6,6.333,6.083,1.676,1
2024-09-01,74,1,9,19,21,14,21,19,18.833,19.083,3.175,0
2025-01-01,72,1,1,20,22,16,10,17,16.667,16.833,4.529,0
2025-01-01,35,1,1,31,21,12,22,20,19.5,20.75,4.938,1
2024-05-01,163,9,5,5,2,7,12,11,6.333,6.583,3.029,0
2024-05-01,155,8,5,12,4,6,7,10,6.167,7.417,2.314,0
2023-12-01,119,4,12,6,4,9,9,3,7.833,7.0,2.256,0
2023-11-01,89,1,11,30,26,17,21,18,21.667,21.667,2.995,1
2023-08-01,104,2,8,1,10,6,13,6,9.333,9.25,3.223,0
2024-05-01,136,6,5,9,8,2,8,4,7.5,7.583,2.61,0
2025-10-01,98,1,10,26,16,9,20,11,16.167,16.667,4.774,0
2023-11-01,145,7,11,8,12,7,6,7,8.5,7.5,2.393,0
2024-04-01,158,9,4,10,8,6,8,4,6.667,6.0,1.706,1
2024-10-01,44,1,10,17,13,18,12,19,17.167,17.417,3.919,0
2025-11-01,24,1,11,17,18,16,21,18,18.333,18.917,2.314,0
2025-01-01,62,1,1,29,12,13,16,21,15.167,16.833,3.95,1
2023-03-01,149,8,3,13,7,6,12,7,7.5,6.833,2.038,1
2023-12-01,112,3,12,4,6,5,9,6,6.167,6.667,2.015,0
2023-06-01,17,1,6,19,18,28,26,18,21.0,20.833,4.821,0
2024-09-01,90,1,9,19,22,13,23,16,21.333,19.083,6.037,0
2024-10-01,59,1,10,32,12,17,16,22,15.667,17.417,3.965,1
2024-01-01,144,7,1,8,11,9,9,12,9.0,9.417,3.965,0
2024-10-01,3,1,10,13,18,24,19,25,19.667,19.083,2.746,0
2023-07-01,85,1,7,14,14,8,15,20,15.833,16.75,4.093,0
2024-12-01,102,2,12,9,4,9,2,5,6.0,6.333,2.934,0
2025-11-01,54,1,11,19,13,20,26,17,18.667,20.333,4.185,0
2023-07-01,110,3,7,13,7,12,3,6,5.833,6.25,2.832,1
2024-06-01,136,6,6,6,9,8,2,8,7.5,8.0,2.374,0
2023-05-01,2,1,5,21,27,15,13,14,18.667,18.083,4.776,0
2023-03-01,154,8,3,2,12,8,6,7,7.0,6.917,2.234,0
2024-11-01,65,1,11,18,14,20,22,20,18.833,19.083,4.852,0
2023-09-01,48,1,9,13,18,11,23,19,17.667,17.5,3.425,0
2023-03-01,8,1,3,19,15,16,17,23,17.667,19.583,4.833,0
2023-12-01,162,9,12,14,5,4,9,9,6.0,5.75,2.137,1
2024-09-01,70,1,9,26,22,21,12,21,19.0,21.417,4.795,0
2023-07-01,158,9,7,3,7,7,4,3,5.833,6.25,2.05,0
2023-06-01,114,3,6,15,5,9,8,5,7.333,6.5,2.78,1
2023-01-01,121,4,1,10,4,10,10,5,8.833,7.083,3.204,0
2024-04-01,114,3,4,13,5,3,4,9,4.833,6.083,3.232,1
2025-04-01,26,1,4,28,23,13,23,19,18.0,18.167,3.129,1
2024-01-01,141,7,1,13,6,7,9,1,6.667,5.917,2.746,1
2023-08-01,48,1,8,18,11,23,19,17,18.167,17.417,3.423,0
2025-08-01,27,1,8,24,20,21,20,16,18.0,17.417,2.778,1
2024-12-01,60,1,12,24,19,17,21,19,17.667,17.667,3.055,1
2024-05-01,127,5,5,10,6,6,5,6,5.167,6.333,1.775,1
2025-08-01,13,1,8,19,24,20,18,13,19.5,17.333,4.774,0
2023-04-01,44,1,4,15,14,21,26,14,21.5,19.333,4.755,0
2025-09-01,57,1,9,10,19,14,21,19,16.833,17.25,2.667,0
2025-12-01,61,1,12,22,22,11,11,16,17.833,17.083,4.1,0
2024-03-01,108,2,3,11,8,3,2,7,6.167,7.0,2.663,0
2024-12-01,91,1,12,24,14,25,22,19,20.667,18.25,4.789,0
2024-09-01,44,1,9,13,18,12,23,16,17.667,17.667,3.701,0
2025-04-01,27,1,4,15,16,16,13,18,17.0,17.583,2.61,0
2023-11-01,8,1,11,19,23,16,15,28,18.667,19.5,4.602,0
2023-07-01,114,3,7,4,15,5,9,8,7.667,7.333,3.651,0
2023-02-01,154,8,2,12,8,6,4,10,5.667,6.75,1.865,1
2024-06-01,68,1,6,21,17,30,25,8,19.333,19.667,6.555,0
2023-09-01,60,1,9,11,13,14,22,17,16.167,17.667,3.601,0
2024-02-01,5,1,2,20,18,22,20,17,17.167,17.417,3.315,0
2023-01-01,21,1,1,20,25,23,19,16,21.167,20.75,3.388,0
2024-04-01,46,1,4,17,22,13,21,16,19.0,17.583,3.147,0
2025-03-01,68,1,3,27,20,18,20,25,17.833,18.917,5.282,0
2024-08-01,123,4,8,8,11,8,9,5,7.167,7.75,2.667,0
2023-08-01,139,6,8,6,12,5,12,4,8.0,7.083,3.059,0
2023-06-01,7,1,6,24,20,22,19,16,20.667,19.75,3.571,0
2025-03-01,7,1,3,23,12,18,15,20,17.333,18.167,4.324,0
2025-08-01,148,7,8,6,3,2,12,12,5.5,6.25,3.166,0
2023-06-01,98,1,6,25,17,16,16,21,17.5,18.667,3.055,1
2023-01-01,151,8,1,11,7,7,3,9,6.167,6.167,1.749,1
2025-11-01,113,3,11,11,11,6,7,4,7.167,6.25,2.379,0
2025-08-01,72,1,8,21,21,24,23,17,18.667,18.167,4.783,0
2025-10-01,50,1,10,25,18,9,28,10,20.0,19.333,7.266,0
2023-03-01,67,1,3,23,26,20,25,15,21.167,20.583,5.213,0
2025-03-01,87,1,3,23,18,18,19,19,18.0,18.667,5.483,0
2023-06-01,33,1,6,17,21,22,19,19,20.333,19.417,3.965,0
2024-02-01,11,1,2,13,21,16,8,12,17.833,19.25,6.454,0
2024-05-01,159,9,5,5,12,4,8,7,7.167,6.917,2.712,0
2024-12-01,127,5,12,4,8,9,12,5,8.167,7.167,2.443,0
2025-04-01,94,1,4,20,19,13,11,22,16.0,17.5,6.474,0
2023-11-01,152,8,11,4,8,5,7,6,5.333,5.75,2.05,0
2023-09-01,136,6,9,12,9,6,8,3,7.833,6.917,2.466,1
2024-08-01,122,4,8,15,6,2,7,5,5.333,7.417,3.37,1
2023-02-01,33,1,2,24,22,14,21,20,18.0,19.667,4.334,0
2024-07-01,148,7,7,4,8,4,6,8,6.0,5.417,2.021,0
2024-05-01,6,1,5,31,15,21,23,11,20.667,18.417,4.738,1
2023-10-01,84,1,10,26,15,13,20,15,16.833,16.667,3.774,1
2025-12-01,155,8,12,12,5,8,5,7,7.0,6.75,1.865,1
2023-06-01,52,1,6,18,21,11,19,24,15.667,16.833,3.786,0
2023-07-01,46,1,7,19,13,15,16,19,17.0,18.167,3.271,0
2023-10-01,149,8,10,7,0,9,7,6,5.5,7.0,3.33,0
2024-03-01,121,4,3,6,9,6,10,7,7.0,6.583,1.832,0
2024-06-01,131,5,6,9,10,11,10,3,10.333,7.833,3.243,0
2024-07-01,37,1,7,20,22,18,20,17,18.833,19.083,2.61,0
2023-12-01,156,8,12,12,5,9,8,6,7.167,7.167,2.125,1
2024-07-01,8,1,7,17,17,18,17,23,21.5,21.083,5.368,0
2024-01-01,48,1,1,20,26,15,18,15,16.833,17.833,4.428,0
2023-02-01,23,1,2,19,16,19,16,21,18.5,19.0,3.931,0
2023-03-01,94,1,3,10,19,11,17,11,17.333,15.833,3.563,0
2025-07-01,120,4,7,7,3,12,7,4,7.667,7.0,2.86,0
2024-02-01,128,5,2,13,10,4,6,5,7.667,7.0,2.763,1
2023-03-01,161,9,3,4,12,7,10,6,10.333,8.5,2.431,0
2025-02-01,152,8,2,3,8,7,10,6,8.5,6.75,3.166,0
2025-07-01,76,1,7,26,18,17,21,19,20.833,20.667,2.57,1
2024-05-01,63,1,5,19,21,18,15,24,17.667,17.917,5.265,0
2024-08-01,24,1,8,13,18,18,14,17,17.167,17.833,2.823,0
2025-08-01,1,1,8,22,30,24,27,19,24.5,21.917,5.23,0
2025-10-01,89,1,10,19,22,30,23,24,24.0,21.25,4.975,0
2025-12-01,1,1,12,19,19,22,20,16,22.833,21.833,4.174,0
2023-01-01,74,1,1,19,12,22,19,22,18.833,18.583,4.944,0
2024-12-01,81,1,12,18,11,19,23,17,16.5,17.167,4.687,0
2023-04-01,134,6,4,8,10,3,11,6,7.833,6.917,2.937,0
2024-05-01,90,1,5,32,13,25,16,11,17.667,17.083,4.87,1
2025-12-01,79,1,12,25,22,19,14,20,19.333,18.333,3.312,1
2024-04-01,130,5,4,11,5,9,7,5,7.5,6.75,1.658,1
2024-04-01,75,1,4,17,12,13,17,15,17.0,18.5,5.776,0
2024-05-01,11,1,5,22,21,24,13,20,17.167,19.917,6.445,0
2024-01-01,143,7,1,10,8,7,12,3,8.5,6.667,3.172,0
2025-01-01,61,1,1,15,16,31,27,20,19.333,19.75,5.77,0
2024-09-01,119,4,9,8,5,6,8,9,7.167,6.667,2.27,0
2024-02-01,98,1,2,13,30,27,13,15,19.667,18.917,5.485,0
2025-02-01,31,1,2,26,24,18,12,18,18.0,17.583,3.965,1
2023-07-01,47,1,7,18,15,19,21,10,18.333,17.25,5.879,0
2025-01-01,163,9,1,2,8,8,2,7,6.5,6.917,3.175,0
2023-07-01,133,6,7,14,7,10,4,5,7.333,7.0,2.663,1
2025-06-01,55,1,6,21,26,24,21,20,20.667,19.25,3.279,0
2023-02-01,4,1,2,19,26,10,16,21,17.5,18.167,4.668,0
2025-03-01,54,1,3,25,21,24,19,21,20.833,18.833,3.95,0
2025-05-01,52,1,5,24,17,21,19,17,19.167,19.583,2.151,1
2025-01-01,102,2,1,14,9,4,9,7,6.333,6.667,2.995,1
2023-09-01,150,8,9,10,3,8,11,6,6.5,5.917,2.778,0
2023-02-01,39,1,2,14,19,18,17,18,17.333,19.417,3.204,0
2025-08-01,92,1,8,26,10,19,17,20,17.0,18.667,3.284,1
2024-10-01,78,1,10,18,19,23,16,20,17.5,19.833,4.529,0
2024-10-01,4,1,10,16,14,17,14,18,17.167,17.583,4.122,0
2024-11-01,119,4,11,13,6,8,5,4,6.667,6.333,2.06,1
2023-10-01,128,5,10,13,5,8,10,6,6.667,6.417,1.676,1
2024-06-01,17,1,6,26,17,17,18,19,17.333,17.917,2.575,1
2025-06-01,89,1,6,28,23,18,18,13,18.333,18.833,4.041,1
2025-07-01,31,1,7,14,14,11,9,18,16.167,16.583,5.089,0
2023-07-01,116,3,7,5,10,1,5,5,6.333,6.167,2.517,0
2023-10-01,145,7,10,12,7,6,7,6,7.833,7.0,1.954,1
2023-01-01,17,1,1,22,18,19,15,20,20.667,18.583,4.379,0
2024-06-01,9,1,6,11,10,27,21,17,20.5,18.75,5.029,0
2023-04-01,129,5,4,4,6,4,6,11,6.167,6.5,2.355,0
2023-04-01,164,9,4,2,4,6,9,11,5.0,6.167,3.01,0
2025-06-01,50,1,6,29,19,17,18,6,18.667,17.667,6.443,0
2023-02-01,138,6,2,11,5,10,9,6,7.5,6.333,2.27,1
2023-03-01,144,7,3,14,11,12,2,4,7.333,6.917,2.875,1
2023-09-01,82,1,9,14,15,26,15,21,17.833,18.5,4.622,0
2024-01-01,11,1,1,21,16,8,20,16,20.167,18.833,6.492,0
2025-08-01,24,1,8,21,21,16,18,13,19.333,19.0,2.985,0
2025-10-01,46,1,10,16,21,19,20,14,20.833,18.083,4.66,0
2023-07-01,113,3,7,8,3,11,5,9,6.0,6.5,2.78,0
2023-07-01,142,7,7,8,7,3,10,7,5.833,6.0,2.73,0
2025-06-01,94,1,6,22,17,20,19,15,16.833,16.917,6.201,0
2024-03-01,100,1,3,26,24,24,15,16,17.833,17.5,3.989,1
2023-10-01,160,9,10,7,2,6,5,13,6.167,6.833,2.657,0
2025-07-01,39,1,7,15,14,21,21,18,17.667,17.667,3.229,0
2025-04-01,74,1,4,16,17,20,13,19,16.333,17.25,3.72,0
2024-01-01,46,1,1,21,22,19,17,19,18.5,17.75,2.454,0
2023-08-01,20,1,8,17,24,11,19,22,18.667,18.5,4.7,0
2023-12-01,48,1,12,26,15,18,13,15,16.333,16.917,3.655,1
2024-06-01,31,1,6,18,11,24,14,21,18.5,18.0,4.918,0
2025-04-01,8,1,4,21,15,16,14,17,18.167,18.0,2.828,0
2025-05-01,35,1,5,17,21,15,15,26,19.167,20.333,5.466,0
2025-01-01,51,1,1,21,14,19,19,17,21.167,19.417,4.641,0
2024-09-01,122,4,9,10,15,6,2,12,6.667,8.25,3.911,0
2025-04-01,14,1,4,25,24,15,20,22,17.0,17.333,4.313,0
2025-09-01,148,7,9,11,6,3,2,4,5.5,5.75,2.598,1
2023-01-01,79,1,1,23,16,13,19,16,18.167,18.583,3.872,0
2025-10-01,35,1,10,26,18,8,17,22,16.667,18.0,5.721,0
2023-05-01,139,6,5,12,7,4,8,10,6.0,6.167,2.517,1
2023-12-01,28,1,12,26,15,17,17,13,16.333,17.0,4.178,1
2023-11-01,88,1,11,24,19,12,15,23,16.833,18.333,3.114,0
2023-05-01,74,1,5,15,18,20,22,16,18.833,18.583,3.528,0
2024-01-01,39,1,1,13,19,15,18,19,18.0,17.917,3.26,0
2024-11-01,74,1,11,10,16,19,21,20,17.667,18.833,3.298,0
2024-02-01,132,5,2,3,8,3,6,6,6.667,6.583,2.109,0
2023-09-01,145,7,9,7,6,7,9,11,7.833,7.333,2.27,0
2024-02-01,130,5,2,9,7,9,9,10,6.833,6.917,1.73,0
2024-11-01,98,1,11,25,11,19,21,13,18.167,19.5,5.568,0
2023-03-01,132,5,3,9,6,9,10,10,6.667,7.5,2.576,0
2025-11-01,139,6,11,10,6,8,9,7,7.667,7.583,2.314,0
2023-12-01,139,6,12,8,5,12,4,7,7.333,7.167,3.186,0
2024-01-01,71,1,1,23,19,20,22,29,19.333,21.083,4.295,0
2025-05-01,46,1,5,28,17,12,12,14,15.833,16.0,4.221,1
2025-07-01,74,1,7,31,13,20,16,14,16.5,16.75,3.745,1
2024-09-01,30,1,9,20,29,16,18,19,19.167,18.667,4.075,0
2024-08-01,46,1,8,15,15,13,14,18,15.667,17.25,3.251,0
2023-07-01,156,8,7,3,9,9,10,7,7.667,7.167,1.899,0
2024-02-01,30,1,2,23,16,14,21,16,19.333,18.333,5.28,0
2023-03-01,136,6,3,12,5,9,6,8,6.0,6.583,2.109,1
2024-07-01,144,7,7,3,8,3,8,1,6.167,7.583,3.801,0
2023-09-01,9,1,9,16,14,18,17,23,17.667,18.333,4.119,0
2024-08-01,141,7,8,7,9,8,5,8,7.333,7.5,2.844,0
2025-12-01,36,1,12,21,16,21,14,14,16.333,16.667,3.939,0
2025-05-01,78,1,5,25,19,19,8,13,16.0,16.333,4.163,1
2024-10-01,152,8,10,15,5,6,6,8,5.167,5.583,1.443,1
2023-06-01,78,1,6,19,14,22,15,14,17.333,17.083,3.965,0
2024-01-01,80,1,1,24,8,16,17,15,16.167,16.333,3.701,1
2023-05-01,107,2,5,6,7,8,4,11,5.5,6.75,2.768,0
2025-08-01,54,1,8,26,16,19,18,12,20.833,20.083,4.078,0
2024-12-01,8,1,12,18,24,22,18,28,19.667,21.5,5.018,0
2025-07-01,79,1,7,24,16,17,15,18,16.667,16.5,2.68,1
2024-05-01,153,8,5,8,4,6,5,6,5.5,6.25,1.485,0
2023-11-01,15,1,11,20,21,23,17,15,21.0,19.167,4.783,0
2025-05-01,120,4,5,12,7,5,11,4,7.0,6.917,2.466,1
2023-03-01,159,9,3,6,9,12,6,8,7.333,6.833,2.48,0
2023-01-01,144,7,1,12,2,8,5,10,6.167,6.25,2.261,1
2023-11-01,38,1,11,15,20,16,14,16,18.667,20.25,4.975,0
2023-11-01,128,5,11,6,13,5,8,8,8.167,7.0,2.523,0
2024-07-01,100,1,7,17,13,21,25,18,22.167,18.75,5.345,0
2024-08-01,113,3,8,1,5,5,3,7,5.167,5.583,2.353,0
2025-07-01,67,1,7,26,19,27,10,20,20.167,20.833,5.491,0
2025-02-01,143,7,2,6,4,8,8,7,7.167,7.417,3.147,0
2024-01-01,22,1,1,23,18,20,17,22,18.833,18.25,3.415,0
2023-08-01,101,2,8,7,7,4,11,6,6.833,5.75,2.491,0
2023-06-01,64,1,6,16,21,17,20,20,17.833,17.917,4.316,0
2023-12-01,104,2,12,7,7,11,7,5,7.0,8.0,3.618,0
2025-11-01,153,8,11,7,5,7,9,9,6.167,6.5,3.09,0
2023-01-01,23,1,1,16,19,16,18,18,18.667,19.167,3.834,0
2024-03-01,92,1,3,18,19,25,27,19,20.0,19.5,4.442,0
2024-07-01,64,1,7,20,21,19,17,12,17.167,18.083,3.848,0
2025-12-01,130,5,12,10,12,8,5,8,6.333,7.167,2.855,0
2025-03-01,127,5,3,9,4,6,4,6,7.167,7.083,2.575,0
2025-06-01,42,1,6,14,10,16,19,18,18.333,18.5,4.563,0
2024-05-01,141,7,5,5,4,7,11,10,8.0,7.5,2.908,0
2024-01-01,14,1,1,20,18,24,12,16,20.333,20.083,4.641,0
2025-06-01,78,1,6,16,25,19,19,11,17.833,17.333,4.697,0
2024-09-01,28,1,9,26,24,27,14,17,20.333,19.917,5.178,0
2024-05-01,9,1,5,10,27,21,21,17,22.833,19.333,4.271,0
2024-04-01,106,2,4,9,8,6,7,7,6.0,7.083,2.109,0
2023-03-01,21,1,3,28,13,20,25,18,19.667,19.917,3.26,1
2024-10-01,16,1,10,26,17,17,16,19,16.5,17.5,2.97,1
2023-07-01,128,5,7,10,6,7,4,9,5.833,6.667,1.614,1
2025-04-01,48,1,4,20,14,12,19,17,15.5,17.25,2.958,0
2025-10-01,77,1,10,27,17,9,15,15,15.167,17.333,4.097,1
2023-11-01,160,9,11,10,7,2,6,6,5.833,6.333,1.826,1
2023-09-01,133,6,9,5,4,14,7,9,7.5,7.417,3.423,0
2024-04-01,127,5,4,6,6,5,5,10,5.0,6.667,2.06,0
2024-08-01,132,5,8,7,6,8,6,10,6.667,6.667,2.871,0
2024-11-01,55,1,11,16,16,21,16,16,18.667,17.417,2.746,0
2025-07-01,95,1,7,21,14,15,22,17,18.5,18.833,3.407,0
2023-08-01,152,8,8,7,5,2,5,7,5.667,5.75,2.221,0
2024-10-01,2,1,10,26,19,17,14,15,17.5,14.833,4.174,1
2024-11-01,61,1,11,31,27,20,11,19,18.0,18.833,4.509,1
2024-07-01,118,4,7,6,8,6,5,6,7.333,7.0,1.809,0
2023-03-01,83,1,3,17,19,14,16,16,17.333,18.25,2.563,0
2023-05-01,135,6,5,4,5,6,8,4,5.333,6.25,2.667,0
2024-06-01,29,1,6,22,27,22,18,18,20.833,19.583,5.435,0
2023-10-01,22,1,10,17,17,16,25,18,19.0,18.5,3.451,0
2024-08-01,125,5,8,4,4,12,8,11,6.167,6.583,2.778,0
2023-09-01,11,1,9,22,20,35,19,13,22.0,19.083,6.273,0
2025-04-01,163,9,4,13,3,3,2,2,4.333,5.417,3.204,1
2024-10-01,85,1,10,14,18,25,22,19,20.0,20.583,4.055,0
2024-01-01,3,1,1,17,17,16,25,20,18.333,18.417,3.37,0
2024-12-01,126,5,12,9,6,8,9,6,6.667,6.75,2.454,0
2024-11-01,138,6,11,7,5,7,9,10,7.0,7.667,2.708,0
2025-03-01,3,1,3,27,15,21,14,17,16.833,18.167,3.07,1
2025-12-01,53,1,12,26,9,25,17,14,17.5,17.25,4.267,1
2024-11-01,31,1,11,12,18,17,19,13,16.833,17.833,4.366,0
2023-05-01,144,7,5,7,4,14,11,5,8.5,7.417,3.528,0
2025-02-01,85,1,2,17,25,19,26,15,21.167,20.417,4.252,0
2025-08-01,96,1,8,20,8,20,18,23,16.667,18.583,5.485,0
2025-07-01,72,1,7,21,24,23,20,14,18.5,17.583,4.833,0
2024-08-01,131,5,8,3,11,9,10,9,10.333,8.75,2.864,0
2024-03-01,63,1,3,18,15,15,25,20,18.333,18.083,5.299,0
2024-09-01,23,1,9,17,18,7,16,16,18.667,17.75,5.754,0
2025-08-01,121,4,8,12,6,6,4,5,6.167,6.583,1.975,1
2024-09-01,163,9,9,8,4,9,11,4,6.333,6.417,3.088,0
2023-03-01,114,3,3,8,5,4,13,9,6.0,6.417,2.712,0
2024-11-01,59,1,11,22,32,12,17,13,18.0,18.25,5.691,0
2025-07-01,115,3,7,8,5,11,7,2,5.333,6.0,3.275,0
2024-10-01,32,1,10,25,11,23,21,17,18.0,17.75,3.596,1
2024-05-01,33,1,5,28,16,23,14,21,17.667,17.667,3.892,1
2024-02-01,116,3,2,9,11,5,6,10,6.333,6.333,2.839,0
2025-11-01,114,3,11,13,9,10,8,11,7.167,7.667,2.57,1
2023-01-01,7,1,1,26,17,22,17,19,19.0,18.167,3.486,1
2023-02-01,106,2,2,8,7,3,7,11,5.5,7.417,2.968,0
2024-04-01,24,1,4,15,20,18,23,20,19.667,19.417,3.175,0
2023-09-01,157,9,9,8,6,6,4,4,5.333,4.75,1.422,1
2023-11-01,111,3,11,9,8,8,6,6,8.0,7.083,2.065,0
2024-09-01,106,2,9,8,10,8,10,10,9.333,7.833,2.25,0
2025-02-01,163,9,2,3,2,8,8,12,5.333,6.5,3.477,0
2023-12-01,58,1,12,17,19,19,23,21,19.167,18.5,3.06,0
2025-06-01,100,1,6,21,10,12,24,13,16.833,17.25,5.446,0
2023-10-01,65,1,10,14,18,16,16,20,16.167,17.167,3.433,0
2025-08-01,29,1,8,15,21,13,23,18,19.333,19.333,3.114,0
2025-11-01,94,1,11,16,10,12,21,10,16.333,16.0,4.612,0
2025-04-01,107,2,4,6,10,8,7,6,8.333,8.0,1.954,0
2024-07-01,17,1,7,19,26,17,17,20,18.167,18.5,3.477,0
2025-12-01,35,1,12,17,16,26,18,21,17.333,18.667,5.805,0
2025-01-01,94,1,1,11,21,10,22,26,18.0,19.5,6.317,0
2025-02-01,128,5,2,8,5,5,10,13,6.333,6.417,2.712,0
2023-10-01,143,7,10,12,4,11,9,5,6.0,6.083,2.712,1
2025-09-01,51,1,9,14,25,15,10,23,16.333,17.583,4.66,0
2024-10-01,136,6,10,5,5,6,5,7,6.5,6.917,2.193,0
2023-10-01,126,5,10,13,6,11,6,9,5.667,6.25,2.379,1
2025-10-01,56,1,10,11,23,15,19,22,17.333,18.667,5.087,0
2024-05-01,75,1,5,18,17,12,13,20,16.833,18.667,5.694,0
2023-04-01,2,1,4,27,15,13,21,9,17.0,16.583,4.542,1
2023-01-01,4,1,1,26,10,16,21,16,16.0,17.333,3.985,1
2024-12-01,106,2,12,7,10,3,8,5,8.167,7.917,2.353,0
2024-05-01,160,9,5,12,3,7,3,7,5.167,5.5,2.541,1
2024-05-01,31,1,5,11,24,14,18,22,18.833,18.917,4.502,0
2023-06-01,76,1,6,16,29,27,12,16,19.667,17.583,5.728,0
2025-07-01,83,1,7,20,19,16,15,9,19.667,18.5,5.266,0
2023-08-01,133,6,8,4,14,7,10,8,8.5,7.75,3.251,0
2024-11-01,81,1,11,11,19,23,14,18,18.333,17.75,4.267,0
2025-05-01,116,3,5,19,3,4,3,5,4.667,4.5,1.508,1
2025-08-01,82,1,8,20,13,19,25,26,17.833,19.167,5.474,0
2023-05-01,15,1,5,30,23,18,16,24,17.333,19.333,4.658,1
2025-07-01,125,5,7,6,10,3,6,4,7.667,6.167,2.855,0
2025-02-01,122,4,2,4,7,8,8,7,9.667,7.5,3.261,0
2024-03-01,51,1,3,20,21,17,25,13,23.167,20.667,4.519,0
2024-05-01,80,1,5,18,23,13,11,20,15.833,16.75,4.957,0
2024-11-01,51,1,11,19,19,23,25,28,20.0,21.083,5.035,0
2023-11-01,10,1,11,19,16,8,8,21,16.667,16.833,5.718,0
2024-08-01,102,2,8,3,11,7,9,11,7.667,8.0,2.796,0
2025-06-01,63,1,6,21,23,18,17,23,19.167,19.417,3.704,0
2023-12-01,36,1,12,23,15,15,22,18,19.0,18.0,3.411,0
2025-08-01,19,1,8,15,18,19,13,18,20.167,18.333,5.193,0
2024-12-01,9,1,12,24,16,21,12,24,16.667,18.583,5.418,0
2024-05-01,134,6,5,12,3,5,7,5,5.667,6.167,1.642,1
2023-06-01,151,8,6,13,9,5,3,5,6.0,5.917,2.811,1
2023-12-01,13,1,12,26,15,17,20,20,18.5,17.0,3.861,1
2024-01-01,160,9,1,2,6,10,7,6,6.0,6.5,2.067,0
2023-09-01,24,1,9,14,17,26,18,24,20.333,19.917,3.232,0
2024-03-01,23,1,3,26,13,23,14,17,16.833,17.417,3.288,1
2025-12-01,89,1,12,24,27,19,22,17,24.833,21.583,5.143,0
2025-12-01,58,1,12,29,19,23,17,22,16.667,18.917,4.188,1
2023-10-01,13,1,10,17,20,15,24,22,17.5,17.833,4.108,0
2023-01-01,27,1,1,28,18,26,20,21,19.833,19.583,2.999,1
2023-03-01,59,1,3,20,13,15,28,22,19.5,19.083,4.42,0
2023-02-01,116,3,2,10,5,6,6,5,6.0,6.083,1.443,1
2025-07-01,68,1,7,27,14,13,18,16,18.333,17.167,4.549,1
2025-02-01,155,8,2,5,7,7,7,7,8.167,7.833,2.552,0
2023-08-01,65,1,8,16,16,13,23,12,16.333,16.5,3.802,0
2023-12-01,21,1,12,17,15,20,16,25,19.167,20.167,4.282,0
2024-10-01,37,1,10,25,18,17,20,24,19.167,19.417,2.466,1
2023-09-01,1,1,9,19,20,19,17,16,20.0,20.583,4.055,0
2023-12-01,155,8,12,9,3,8,6,7,7.5,7.667,2.229,0
2024-04-01,8,1,4,17,20,33,24,27,24.5,21.917,5.452,0
2023-09-01,128,5,9,5,8,10,6,9,6.833,6.75,1.765,0
2024-01-01,18,1,1,21,22,14,17,22,20.0,19.25,4.137,0
2024-06-01,135,6,6,10,10,7,8,8,7.167,6.75,1.712,0
2024-06-01,21,1,6,15,20,28,19,19,20.0,19.583,3.554,0
2023-09-01,47,1,9,18,14,18,15,7,17.833,16.583,3.942,0
2024-12-01,13,1,12,13,8,20,18,26,17.0,18.167,5.202,0
2023-07-01,84,1,7,20,22,19,12,19,18.167,17.167,3.538,0
2025-03-01,51,1,3,19,17,21,14,20,18.833,19.417,4.641,0
2024-02-01,3,1,2,19,17,17,16,17,18.667,18.167,3.353,0
2023-02-01,126,5,2,6,8,6,8,8,7.5,7.333,1.155,0
2025-02-01,64,1,2,13,20,18,22,15,20.5,18.917,3.343,0
2025-10-01,99,1,10,12,23,16,12,19,16.167,15.917,3.476,0
2024-09-01,164,9,9,11,7,5,9,7,6.833,6.333,2.015,1
2023-10-01,18,1,10,17,24,20,23,14,21.667,19.083,4.144,0
2025-09-01,144,7,9,7,7,5,10,9,7.333,7.0,2.335,0
2025-08-01,85,1,8,18,15,16,18,25,17.167,19.167,4.019,0
2023-10-01,44,1,10,19,16,17,15,21,17.667,19.583,4.188,0
2023-10-01,153,8,10,8,6,9,8,9,6.667,6.333,2.015,0
2024-05-01,8,1,5,18,17,20,33,17,23.5,21.083,5.368,0
2024-03-01,38,1,3,20,21,17,22,26,18.5,19.167,3.834,0
2023-10-01,34,1,10,23,20,30,23,13,22.667,20.167,5.718,0
2023-07-01,29,1,7,30,18,18,17,20,16.333,16.583,3.423,1
2023-12-01,154,8,12,4,3,7,4,6,6.333,6.667,3.284,0
2024-08-01,134,6,8,5,6,6,12,6,6.5,6.75,2.301,0
2023-09-01,50,1,9,28,13,16,16,16,17.333,17.167,3.186,1
2025-12-01,31,1,12,25,13,22,20,18,17.667,17.25,5.643,0
2023-03-01,61,1,3,21,17,16,11,13,16.333,15.833,3.834,0
2025-07-01,80,1,7,27,25,23,13,15,19.667,19.583,3.988,0
2023-07-01,108,2,7,11,6,7,8,7,7.0,6.833,2.038,1
2024-05-01,146,7,5,13,10,6,4,9,6.667,7.083,2.234,1
2023-03-01,156,8,3,6,6,6,6,9,5.833,6.917,2.065,0
2023-04-01,31,1,4,15,18,17,26,18,19.667,18.333,3.525,0
2023-04-01,102,2,4,6,3,3,8,7,6.833,6.083,2.392,0
2023-02-01,146,7,2,10,10,6,5,6,7.0,7.5,3.06,0
2025-02-01,49,1,2,14,19,22,11,18,15.667,17.083,4.274,0
2023-04-01,21,1,4,19,28,13,20,24,21.333,20.75,3.934,0
2024-01-01,13,1,1,19,26,15,17,19,19.5,17.5,4.602,0
2024-05-01,13,1,5,22,11,17,21,15,18.167,18.333,4.207,0
2025-02-01,116,3,2,3,5,5,8,9,5.0,5.667,1.969,0
2024-04-01,62,1,4,11,22,23,21,17,19.833,18.083,2.937,0
2024-09-01,101,2,9,14,7,9,11,5,7.167,6.917,2.151,1
2023-02-01,8,1,2,15,16,17,28,17,18.5,19.75,4.693,0
2023-10-01,17,1,10,15,17,21,20,15,20.5,19.75,4.093,0
2024-10-01,61,1,10,27,20,11,11,20,16.5,18.25,3.745,1
2024-04-01,92,1,4,21,18,19,25,17,20.667,19.417,4.461,0
2024-01-01,102,2,1,7,5,11,11,8,8.667,6.917,2.999,0
2023-01-01,127,5,1,14,6,11,6,9,6.667,7.333,2.06,1
2024-11-01,9,1,11,16,21,12,23,24,15.667,19.25,5.562,0
2025-09-01,61,1,9,11,25,17,21,20,19.0,19.917,5.143,0
2024-10-01,24,1,10,23,20,13,18,17,16.333,18.0,3.015,0
2025-09-01,111,3,9,12,10,7,7,5,7.0,6.417,1.73,1
2023-08-01,155,8,8,10,8,10,10,7,8.833,7.917,1.73,0
2025-06-01,164,9,6,8,8,7,9,9,6.167,6.917,2.539,0
2024-07-01,155,8,7,5,11,12,4,8,8.0,7.667,2.674,0
2025-07-01,87,1,7,14,25,23,13,14,20.0,19.667,5.914,0
2024-02-01,27,1,2,20,18,15,20,16,16.167,16.5,2.355,0
2023-12-01,87,1,12,15,20,17,17,14,18.5,17.083,3.088,0
2025-01-01,101,2,1,16,8,5,6,6,8.167,7.417,2.937,1
2023-12-01,78,1,12,26,20,20,17,23,18.5,17.917,3.315,1
2023-04-01,119,4,4,4,7,7,7,7,5.667,6.5,1.931,0
2024-02-01,44,1,2,24,12,16,19,21,16.5,17.25,3.194,1
2024-07-01,71,1,7,20,28,18,18,21,20.667,20.0,3.568,0
2023-01-01,56,1,1,22,16,17,13,14,18.0,17.75,4.555,0
2025-12-01,25,1,12,15,17,11,22,13,18.167,18.0,4.553,0
2023-12-01,93,1,12,31,23,23,16,24,19.167,20.5,4.815,1
2024-07-01,130,5,7,12,5,9,11,7,7.667,7.25,2.094,1
2023-10-01,159,9,10,12,4,7,5,6,5.333,6.417,2.234,1
2023-04-01,155,8,4,7,10,8,5,8,7.167,8.083,1.929,0
2023-10-01,61,1,10,20,14,20,18,24,18.667,17.917,3.753,0
2025-04-01,46,1,4,17,12,12,22,17,15.333,16.0,4.221,0
2024-07-01,53,1,7,28,16,18,12,18,17.0,16.75,3.745,1
2025-11-01,144,7,11,8,9,7,7,7,8.167,7.0,2.335,0
2024-10-01,108,2,10,10,3,7,7,10,6.167,6.667,2.871,0
2025-11-01,112,3,11,2,5,11,11,8,8.5,8.333,1.923,0
2023-08-01,128,5,8,8,10,6,7,8,6.333,6.75,1.765,0
2025-03-01,39,1,3,19,19,12,15,15,16.833,17.75,3.166,0
2024-06-01,33,1,6,23,28,16,23,17,19.667,18.25,4.845,0
2023-03-01,133,6,3,6,10,7,3,6,7.333,7.0,2.594,0
2025-03-01,157,9,3,12,4,8,7,10,6.667,7.0,2.089,1
2025-04-01,77,1,4,17,18,22,22,9,19.5,18.417,4.295,0
2024-09-01,85,1,9,18,25,22,18,15,21.333,20.333,4.313,0
2025-01-01,125,5,1,13,4,5,5,6,4.667,5.583,2.429,1
2025-09-01,24,1,9,16,21,21,16,20,19.5,19.667,2.348,0
2024-02-01,70,1,2,20,27,22,28,14,24.667,21.583,5.744,0
2025-10-01,158,9,10,11,6,10,7,7,7.833,6.5,2.111,1
2025-09-01,149,8,9,4,7,9,9,7,7.5,8.0,1.954,0
2023-10-01,15,1,10,21,23,17,22,11,21.333,18.333,5.28,0
2024-08-01,130,5,8,13,12,5,9,5,8.5,7.667,2.498,1
2025-08-01,102,2,8,5,4,9,5,3,7.333,7.083,3.579,0
2023-08-01,36,1,8,24,18,20,21,21,18.333,17.667,3.114,1
2023-08-01,52,1,8,23,19,18,21,15,17.0,16.417,3.147,1
2025-06-01,79,1,6,16,17,15,14,20,17.333,16.833,2.855,0
2024-09-01,17,1,9,25,15,19,26,17,18.667,17.917,3.476,1
2023-12-01,118,4,12,7,5,8,5,5,6.5,6.083,1.881,0
2024-03-01,119,4,3,6,3,6,6,7,6.167,6.833,2.29,0
2023-12-01,53,1,12,18,15,18,9,16,17.5,17.5,4.927,0
2023-11-01,96,1,11,18,24,15,17,23,20.667,20.0,4.533,0
2023-08-01,92,1,8,13,19,20,26,15,20.0,18.417,3.679,0
2023-09-01,57,1,9,22,16,19,19,18,15.0,17.0,3.838,0
2023-03-01,40,1,3,29,10,24,16,16,18.0,17.583,3.63,1
2023-12-01,47,1,12,24,17,16,18,15,16.333,17.333,2.348,1
2023-08-01,18,1,8,20,23,21,19,15,18.667,18.0,4.0,0
2024-09-01,46,1,9,26,15,15,13,16,16.0,17.0,3.303,1
2023-11-01,34,1,11,20,23,20,30,18,22.833,21.0,5.292,0
2025-12-01,91,1,12,14,16,15,22,24,17.833,18.833,4.366,0
2025-08-01,135,6,8,3,7,6,5,7,6.0,6.5,1.834,0
2025-10-01,66,1,10,14,22,25,17,19,18.667,18.333,4.539,0
2025-01-01,95,1,1,25,22,20,22,16,19.167,19.25,4.137,0
2024-06-01,161,9,6,11,8,10,8,8,5.667,7.333,3.085,0
2023-07-01,109,3,7,10,10,2,7,12,8.333,7.667,3.085,0
2024-06-01,70,1,6,12,18,15,26,11,21.333,22.25,5.512,0
2025-10-01,100,1,10,16,22,22,18,17,17.5,18.333,5.483,0
2025-05-01,150,8,5,11,8,2,11,9,7.167,7.667,3.143,0
2023-07-01,56,1,7,27,22,18,14,25,18.833,18.417,4.166,1
2025-01-01,80,1,1,21,22,21,18,24,19.5,19.083,4.188,0
2024-11-01,22,1,11,19,14,16,20,20,16.333,16.917,3.37,0
2023-01-01,31,1,1,26,20,19,18,21,17.833,17.917,3.605,1
2023-04-01,147,7,4,12,9,9,6,8,6.167,6.0,2.132,1
2024-11-01,114,3,11,11,10,7,3,6,6.667,6.5,3.119,0
2023-11-01,126,5,11,14,13,6,11,8,7.167,6.583,2.999,1
2025-02-01,120,4,2,11,8,5,6,4,7.0,6.5,2.236,1
2024-01-01,83,1,1,25,10,22,11,14,15.0,15.167,4.303,1
2023-08-01,55,1,8,13,12,16,17,20,17.0,18.0,3.275,0
2024-02-01,49,1,2,18,24,14,20,12,18.833,17.583,5.316,0
2024-05-01,66,1,5,24,17,15,17,17,17.667,17.833,2.725,1
2023-09-01,6,1,9,18,14,14,16,10,15.0,15.083,4.699,0
2025-11-01,130,5,11,12,8,5,5,6,5.5,6.667,2.425,1
2023-06-01,66,1,6,20,17,19,20,21,17.0,16.833,3.689,0
2023-12-01,6,1,12,27,20,24,18,11,17.667,15.667,3.985,1
2023-09-01,102,2,9,5,11,9,6,6,6.667,7.0,2.663,0
2024-06-01,1,1,6,17,19,16,19,17,16.833,16.833,2.588,0
2024-07-01,73,1,7,22,17,18,16,18,17.833,17.75,2.864,0
2025-01-01,92,1,1,20,19,21,19,25,18.667,19.0,3.908,0
2024-09-01,145,7,9,6,5,9,6,7,6.833,7.917,2.968,0
2023-03-01,75,1,3,16,21,17,26,11,17.5,18.667,5.581,0
2023-10-01,41,1,10,19,24,19,23,27,19.333,19.833,4.802,0
2023-02-01,130,5,2,10,4,5,5,13,7.167,7.083,2.875,0
2024-08-01,82,1,8,26,15,19,21,15,18.167,17.5,2.153,1
2024-11-01,12,1,11,17,24,21,15,22,20.0,20.0,3.593,0
2025-06-01,140,6,6,7,12,10,5,8,7.833,7.583,3.029,0
2023-09-01,154,8,9,4,8,10,6,5,6.667,6.833,3.129,0
2024-02-01,100,1,2,24,24,15,10,13,16.333,16.583,3.605,1
2025-06-01,48,1,6,18,18,20,14,18,17.0,17.25,2.864,0
2025-09-01,151,8,9,10,7,4,7,6,5.833,6.25,2.179,0
2024-02-01,93,1,2,14,12,31,23,13,21.0,20.5,6.201,0
2023-06-01,105,2,6,5,6,3,13,5,6.5,6.333,3.085,0
2024-06-01,4,1,6,25,15,18,19,19,18.5,17.667,3.257,1
2023-08-01,8,1,8,15,23,18,17,20,19.833,19.167,4.726,0
2024-07-01,149,8,7,8,4,5,6,7,6.0,5.917,2.539,0
2025-11-01,55,1,11,19,13,18,26,16,21.167,20.083,4.122,0
2025-10-01,102,2,10,3,6,5,4,9,6.667,7.583,3.029,0
2025-06-01,155,8,6,5,6,9,5,11,6.5,7.5,2.236,0
2025-11-01,73,1,11,12,16,16,12,9,13.5,16.167,5.557,0
2024-05-01,135,6,5,10,7,8,7,4,6.333,6.25,1.545,1
2023-06-01,40,1,6,20,27,30,29,17,22.667,20.167,6.235,0
2024-07-01,114,3,7,10,6,4,13,4,5.833,5.583,2.61,0
2025-11-01,81,1,11,12,19,15,13,11,16.833,17.333,5.483,0
2023-04-01,81,1,4,17,22,13,16,19,20.0,19.083,4.209,0
2023-01-01,54,1,1,16,24,13,20,23,18.833,18.5,4.011,0
2024-10-01,99,1,10,19,21,24,18,17,21.0,18.583,3.825,0
2023-02-01,93,1,2,13,19,24,14,14,17.0,18.167,4.196,0
2023-07-01,138,6,7,4,10,7,5,3,8.167,7.667,2.708,0
2025-02-01,7,1,2,12,18,15,13,20,18.5,18.833,3.881,0
2025-05-01,158,9,5,7,6,5,4,5,5.0,5.917,1.443,0
2025-12-01,117,4,12,3,5,7,11,6,7.833,7.417,2.678,0
2025-11-01,82,1,11,20,23,16,20,8,19.333,17.917,4.68,0
2024-10-01,121,4,10,11,5,5,5,8,5.0,6.083,1.929,1
2023-09-01,122,4,9,12,5,3,3,7,4.833,5.917,1.881,1
2025-08-01,52,1,8,19,24,18,24,21,20.5,20.5,2.611,0
2023-01-01,115,3,1,14,7,7,8,8,7.833,7.75,1.913,1
2024-10-01,41,1,10,24,23,22,16,19,19.0,18.917,2.429,1
2024-07-01,84,1,7,26,18,15,19,20,16.667,17.167,3.973,1
2023-09-01,20,1,9,17,17,24,11,13,18.667,18.083,4.582,0
2025-09-01,88,1,9,15,18,19,17,25,18.5,19.417,4.1,0
2024-06-01,155,8,6,11,12,4,6,10,7.667,7.583,2.575,0
2023-04-01,76,1,4,27,12,17,21,15,14.5,16.167,3.881,1
2025-07-01,15,1,7,11,15,8,16,16,15.333,16.583,4.122,0
2025-09-01,147,7,9,8,5,4,10,8,7.167,7.417,3.704,0
2024-07-01,138,6,7,8,9,4,11,4,7.333,7.0,3.015,0
2024-06-01,3,1,6,19,19,19,17,22,18.0,18.583,3.088,0
2023-03-01,14,1,3,18,29,16,17,17,18.833,18.0,5.673,0
2025-09-01,37,1,9,14,23,11,16,18,18.5,18.917,3.942,0
2023-04-01,35,1,4,23,22,19,19,25,20.333,19.75,3.306,0
2025-01-01,36,1,1,14,14,26,15,18,18.667,18.5,4.871,0
2023-04-01,118,4,4,7,4,3,9,9,5.5,6.167,1.899,0
2024-10-01,1,1,10,26,13,19,15,14,16.5,15.917,2.466,1
2024-04-01,139,6,4,6,6,12,5,7,8.0,7.833,3.243,0
2024-04-01,58,1,4,24,9,13,15,14,15.333,16.917,3.848,0
2023-01-01,37,1,1,18,19,25,10,22,19.667,18.25,5.154,0
2025-11-01,21,1,11,16,21,26,26,15,20.667,17.833,5.219,0
2024-09-01,96,1,9,25,23,22,13,15,21.0,19.167,5.323,0
2023-03-01,62,1,3,11,16,17,27,14,19.667,19.25,4.093,0
2025-09-01,1,1,9,20,22,30,24,13,24.0,22.167,5.149,0
2024-01-01,98,1,1,30,27,13,18,16,18.0,17.75,4.267,1
2025-10-01,13,1,10,22,15,19,24,20,19.5,17.583,4.66,0
2024-06-01,71,1,6,28,18,18,16,21,19.167,19.417,2.575,1
2023-06-01,56,1,6,22,18,14,17,19,17.833,18.167,4.019,0
2025-04-01,102,2,4,11,8,7,14,4,8.5,7.25,3.519,0
2023-10-01,49,1,10,28,13,14,24,17,15.833,16.167,3.538,1
2023-08-01,13,1,8,15,24,20,15,17,16.333,18.167,4.152,0
2024-06-01,101,2,6,11,3,8,5,4,6.0,6.167,1.697,1
2023-01-01,43,1,1,22,11,14,18,16,17.833,18.25,4.731,0
2025-03-01,9,1,3,16,18,17,24,21,18.0,18.083,5.351,0
2024-01-01,131,5,1,13,7,4,5,5,6.0,5.667,1.67,1
2024-03-01,35,1,3,30,21,20,16,22,18.833,18.833,3.157,1
2025-02-01,75,1,2,22,13,18,14,13,15.167,15.167,2.125,1
2023-10-01,157,9,10,13,8,6,6,3,6.0,5.083,1.676,1
2024-08-01,128,5,8,7,5,4,6,8,6.5,7.083,3.288,0
2025-04-01,9,1,4,18,16,18,17,27,18.667,17.667,5.297,0
2025-07-01,85,1,7,15,16,18,18,22,18.833,19.75,3.864,0
2024-07-01,115,3,7,2,8,2,9,9,6.833,7.083,2.875,0
2024-09-01,37,1,9,18,17,20,22,17,18.833,19.333,2.535,0
2024-06-01,117,4,6,6,9,11,7,7,8.5,8.0,2.558,0
2025-01-01,161,9,1,9,3,3,11,4,5.5,6.333,3.312,0
2024-04-01,1,1,4,16,19,15,14,18,15.333,17.25,2.927,0
2025-11-01,79,1,11,22,19,14,21,15,18.5,17.75,3.223,0
2024-09-01,16,1,9,17,17,16,13,16,17.667,17.417,2.999,0
2025-01-01,86,1,1,21,11,14,22,21,16.0,16.75,3.251,0
2023-05-01,93,1,5,30,20,25,13,17,19.167,18.083,4.379,1
2024-10-01,15,1,10,25,21,15,16,21,16.333,16.917,3.232,1
2025-10-01,5,1,10,13,23,23,23,20,22.5,20.083,4.981,0
2024-06-01,107,2,6,11,10,6,6,4,6.833,6.083,2.151,1
2024-09-01,136,6,9,5,6,5,6,12,6.0,7.5,2.541,0
2025-06-01,121,4,6,6,4,9,5,5,6.5,6.417,2.065,0
2023-10-01,97,1,10,27,11,16,15,17,15.0,17.417,4.188,1
2023-01-01,99,1,1,14,24,22,13,17,18.5,18.417,4.621,0
2025-12-01,73,1,12,22,12,16,16,20,12.833,16.417,5.265,0
2024-04-01,99,1,4,27,15,17,19,18,16.167,15.667,2.57,1
2025-02-01,16,1,2,17,21,20,15,16,19.333,18.417,3.777,0
2024-12-01,73,1,12,20,9,18,16,13,15.333,16.25,4.093,0
2023-07-01,126,5,7,6,4,3,4,7,4.833,6.083,1.975,0
2024-12-01,160,9,12,12,7,9,9,6,8.0,6.75,3.388,0
2023-01-01,38,1,1,29,26,16,21,21,21.167,17.833,5.132,1
2025-06-01,84,1,6,21,18,27,18,18,18.833,19.75,5.083,0
2024-01-01,45,1,1,20,18,22,25,17,17.167,17.25,4.224,0
2023-06-01,109,3,6,10,2,7,9,7,8.0,7.417,2.999,0
2024-06-01,125,5,6,12,8,3,6,7,5.833,6.333,2.103,1
2024-01-01,116,3,1,11,5,6,4,5,5.333,5.833,2.443,1
2023-12-01,92,1,12,27,18,17,14,11,16.833,17.917,4.033,1
2025-03-01,75,1,3,29,22,13,18,12,16.0,15.917,2.778,1
2023-02-01,79,1,2,12,23,16,13,18,18.667,19.167,3.973,0
2025-11-01,38,1,11,12,20,10,20,14,14.5,15.25,4.202,0
2025-09-01,72,1,9,22,21,21,24,21,19.833,18.5,4.834,0
2024-01-01,103,2,1,13,7,6,5,4,4.833,5.583,3.088,1
2025-08-01,21,1,8,26,9,21,21,19,15.5,16.417,3.502,1
2025-02-01,55,1,2,17,17,19,16,18,17.5,17.833,2.167,0
2024-05-01,60,1,5,25,15,18,15,14,15.667,15.333,3.025,1
2025-12-01,109,3,12,12,4,7,8,6,6.5,7.25,2.701,0
2024-05-01,42,1,5,15,12,18,17,14,16.5,17.25,4.975,0
2023-08-01,7,1,8,18,27,24,20,19,22.0,21.5,3.398,0
2025-02-01,156,8,2,6,9,8,10,4,8.833,7.75,2.633,0
2023-04-01,161,9,4,9,4,12,7,7,9.167,8.333,2.674,0
2025-02-01,34,1,2,13,7,22,22,19,19.5,18.917,5.6,0
2025-06-01,54,1,6,19,18,26,25,14,22.167,19.417,4.738,0
2023-12-01,12,1,12,28,22,14,18,19,18.0,17.333,2.57,1
2024-01-01,19,1,1,18,20,17,20,19,17.833,18.5,4.232,0
2024-12-01,128,5,12,5,10,7,4,4,6.167,6.75,2.927,0
2025-05-01,63,1,5,23,18,17,17,19,19.333,19.083,3.528,0
2025-10-01,164,9,10,10,8,6,5,10,7.0,6.5,2.153,0
2023-03-01,138,6,3,11,11,5,10,3,8.5,6.75,2.633,0
2023-10-01,66,1,10,18,16,23,14,11,18.167,17.0,3.542,0
2024-03-01,53,1,3,14,21,21,18,23,17.0,18.917,4.602,0
2025-09-01,23,1,9,20,21,18,18,17,17.5,17.25,3.621,0
2023-08-01,161,9,8,8,9,8,5,5,7.833,8.5,2.747,0
2024-12-01,152,8,12,7,10,15,5,7,8.0,6.667,3.143,0
2025-09-01,137,6,9,12,2,6,7,8,5.667,6.5,2.431,1
2023-11-01,99,1,11,14,17,14,16,22,15.0,17.5,4.123,0
2023-05-01,124,4,5,12,6,6,7,8,6.333,6.75,1.485,1
2023-08-01,103,2,8,3,5,11,4,9,6.5,6.583,3.147,0
2024-10-01,150,8,10,7,7,14,8,8,8.833,7.917,3.204,0
2024-02-01,61,1,2,23,20,17,19,17,18.333,18.833,2.167,0
2024-01-01,100,1,1,24,15,10,14,19,15.333,16.167,2.887,1
2025-11-01,9,1,11,30,13,16,24,16,17.167,17.667,3.985,1
2025-09-01,13,1,9,15,19,24,20,18,20.667,17.833,4.589,0
2025-10-01,92,1,10,23,17,26,10,19,18.333,18.667,3.75,0
2025-07-01,102,2,7,4,9,5,11,11,9.0,7.667,3.601,0
2023-03-01,33,1,3,19,24,22,14,24,18.0,20.0,4.513,0
2024-07-01,26,1,7,17,16,20,19,12,18.5,19.667,4.519,0
2024-08-01,30,1,8,29,16,18,18,30,18.167,18.75,4.309,1
2023-08-01,143,7,8,11,9,2,7,7,5.833,6.0,2.216,1
2024-10-01,123,4,10,9,10,8,11,11,8.167,8.083,2.575,0
2024-02-01,145,7,2,14,8,5,8,2,7.667,7.417,2.503,1
2023-02-01,63,1,2,23,21,18,17,12,19.5,20.0,3.79,0
2025-01-01,99,1,1,14,12,18,19,19,18.667,18.833,3.904,0
2023-01-01,12,1,1,15,19,15,13,14,19.5,18.083,4.641,0
2024-09-01,79,1,9,14,12,18,20,19,17.0,16.833,3.099,0
2024-11-01,39,1,11,15,17,23,18,15,19.667,18.583,3.343,0
2024-07-01,93,1,7,19,16,24,22,16,17.833,19.75,5.294,0
2025-12-01,149,8,12,6,12,4,4,11,7.5,7.833,2.758,0
2024-12-01,143,7,12,8,8,7,5,8,8.833,7.917,3.029,0
2024-01-01,140,6,1,7,6,4,6,5,6.333,5.833,2.167,0
2023-11-01,150,8,11,10,8,10,3,2,7.667,6.583,2.968,0
2024-10-01,82,1,10,25,23,26,15,19,20.667,19.167,3.04,0
2025-09-01,36,1,9,14,19,12,16,24,17.333,17.833,4.97,0
2023-09-01,160,9,9,2,6,5,8,8,6.667,7.333,2.188,0
2025-04-01,3,1,4,20,27,15,21,19,18.333,19.0,3.954,0
2023-07-01,101,2,7,7,4,11,4,7,6.5,5.75,2.491,0
2024-07-01,56,1,7,13,23,14,17,27,19.833,20.917,5.299,0
2025-03-01,148,7,3,6,6,5,7,9,6.0,6.583,2.392,0
2025-11-01,11,1,11,28,17,16,19,17,17.833,18.583,4.926,0
2024-05-01,14,1,5,22,22,15,22,19,20.167,19.583,3.848,0
2025-07-01,6,1,7,11,22,10,17,22,16.0,17.333,3.627,0
2025-08-01,44,1,8,19,18,17,16,18,16.5,16.667,2.64,0
2025-02-01,1,1,2,25,16,16,26,15,19.333,18.083,4.122,0
2023-12-01,145,7,12,5,8,12,7,7,8.167,7.583,2.392,0
2023-06-01,39,1,6,23,13,22,16,20,17.0,17.333,2.64,1
2023-12-01,132,5,12,3,6,7,6,10,6.667,7.25,2.05,0
2025-07-01,147,7,7,4,10,4,12,9,6.5,7.917,3.502,0
2025-10-01,86,1,10,12,22,22,12,22,19.333,17.417,4.602,0
2023-02-01,15,1,2,16,17,15,15,8,17.167,18.833,5.654,0
2024-06-01,102,2,6,7,9,4,5,6,6.667,7.75,2.701,0
2023-09-01,63,1,9,28,14,14,14,21,17.833,18.917,3.502,1
2023-05-01,100,1,5,18,18,16,13,18,17.833,16.833,3.46,0
2025-06-01,124,4,6,7,2,4,8,7,4.0,5.25,2.667,0
2023-05-01,29,1,5,18,17,18,11,23,15.333,16.75,3.911,0
2025-04-01,130,5,4,10,7,5,11,11,7.0,8.667,3.055,0
2025-08-01,48,1,8,31,18,18,18,21,16.667,17.25,2.864,1
2023-04-01,154,8,4,11,2,12,8,6,6.5,6.5,2.646,0
2023-03-01,100,1,3,16,13,19,23,19,18.5,17.167,3.538,0
2024-05-01,78,1,5,13,23,20,24,14,22.667,20.083,3.728,0
2024-06-01,100,1,6,13,21,25,26,18,22.5,19.167,5.042,0
2023-01-01,50,1,1,16,20,21,14,13,18.5,19.417,3.848,0
2024-01-01,115,3,1,11,4,11,4,14,7.333,8.083,3.204,0
2024-08-01,156,8,8,6,11,6,5,9,6.667,7.5,2.468,0
2025-11-01,6,1,11,31,24,18,23,14,18.0,16.917,4.379,1
2023-04-01,78,1,4,22,15,16,14,12,15.667,16.0,4.134,0
2025-12-01,17,1,12,17,19,19,18,23,19.167,20.75,3.571,0
2025-09-01,4,1,9,13,18,14,17,14,15.5,16.333,3.42,0
2025-09-01,21,1,9,26,26,9,21,19,17.667,17.0,4.431,1
2024-08-01,94,1,8,31,15,15,22,17,19.167,20.833,4.218,1
2023-12-01,102,2,12,5,11,11,5,8,8.833,7.167,2.949,0
2023-08-01,107,2,8,4,8,4,6,7,6.167,5.75,2.006,0
2025-07-01,139,6,7,12,4,7,7,11,6.5,7.25,2.34,1
2023-09-01,131,5,9,5,9,6,3,7,6.0,6.0,1.907,0
2024-03-01,65,1,3,25,15,22,25,17,19.0,17.5,4.253,0
2023-10-01,91,1,10,12,15,17,20,28,16.167,18.917,5.195,0
2024-04-01,145,7,4,4,10,14,8,8,9.5,8.667,2.535,0
2023-04-01,56,1,4,14,17,20,22,22,17.5,18.667,4.008,0
2024-11-01,77,1,11,16,15,19,19,18,18.333,17.083,3.919,0
2023-08-01,146,7,8,10,6,5,9,8,7.333,7.167,3.38,0
2024-01-01,97,1,1,13,26,19,27,25,19.0,18.5,5.402,0
2023-05-01,141,7,5,10,4,8,3,4,3.667,4.917,3.088,0
2025-06-01,90,1,6,29,20,14,19,23,19.833,19.667,3.725,1
2023-12-01,54,1,12,21,23,21,13,24,20.667,19.667,7.037,0
2025-04-01,134,6,4,13,2,6,8,3,5.667,6.333,3.2,1
2025-01-01,32,1,1,21,16,17,25,19,18.833,18.333,4.163,0
2023-12-01,140,6,12,6,4,6,5,7,5.833,5.917,2.193,0
2025-06-01,49,1,6,19,23,17,21,19,19.333,16.833,4.086,0
2024-02-01,8,1,2,33,24,28,19,15,20.833,20.333,4.539,1
2025-06-01,138,6,6,10,4,9,8,9,7.5,7.5,1.732,0
2025-07-01,146,7,7,9,9,10,7,9,7.333,6.583,2.275,0
2024-11-01,5,1,11,13,20,15,12,20,18.667,19.25,4.864,0
2023-11-01,33,1,11,16,16,20,20,21,17.667,19.0,3.568,0
2025-08-01,159,9,8,8,5,6,6,7,5.5,6.25,2.34,0
2024-02-01,66,1,2,17,16,22,19,15,19.0,18.25,2.768,0
2023-04-01,13,1,4,11,17,11,19,31,18.167,18.417,5.501,0
2023-06-01,120,4,6,14,8,5,4,7,5.833,6.5,2.393,1
2023-02-01,101,2,2,10,5,6,4,5,4.667,5.417,2.234,1
2023-11-01,70,1,11,28,25,21,25,14,22.0,20.083,5.435,0
2025-10-01,53,1,10,25,17,23,16,10,17.333,16.583,3.315,1
2023-12-01,30,1,12,14,21,16,19,26,21.0,19.917,5.501,0
2023-12-01,62,1,12,17,17,19,14,27,17.167,17.083,3.919,0
2024-03-01,120,4,3,8,4,5,7,4,5.667,6.75,2.864,0
2025-03-01,11,1,3,31,21,17,18,24,18.5,19.5,2.747,1
2025-05-01,62,1,5,18,21,20,16,15,18.5,17.583,4.522,0
2024-08-01,161,9,8,6,3,11,8,8,7.0,7.083,3.476,0
2025-04-01,138,6,4,9,8,9,6,11,7.333,7.667,1.969,0
2025-10-01,154,8,10,7,9,6,5,9,6.167,5.833,2.48,0
2023-09-01,12,1,9,18,16,20,18,28,17.833,17.5,4.011,0
2025-01-01,158,9,1,5,5,5,7,8,6.333,6.917,1.676,0
2023-04-01,120,4,4,5,4,5,4,7,6.833,6.417,2.353,0
2025-09-01,31,1,9,20,23,14,14,17,14.0,16.583,5.435,0
2023-02-01,34,1,2,8,25,18,18,15,18.667,16.833,4.877,0
2024-01-01,117,4,1,13,7,5,8,7,7.5,7.167,1.85,1
2025-08-01,111,3,8,10,7,7,5,7,6.167,6.167,1.337,1
2023-09-01,5,1,9,12,16,17,18,17,17.5,18.333,3.025,0
2023-09-01,138,6,9,4,5,4,10,7,7.0,7.75,2.563,0
2024-12-01,50,1,12,29,26,10,21,17,16.667,16.583,5.838,1
2024-02-01,19,1,2,14,18,20,17,17,19.0,18.417,4.231,0
2023-08-01,34,1,8,30,23,22,19,20,19.667,19.167,4.821,1
2023-11-01,115,3,11,11,4,8,8,7,7.5,8.0,2.86,0
2025-05-01,148,7,5,12,4,6,6,4,5.667,6.167,2.368,1
2024-12-01,103,2,12,5,8,9,4,7,7.333,8.5,2.541,0
2024-03-01,47,1,3,28,17,19,24,20,18.5,18.167,2.725,1
2024-05-01,47,1,5,22,19,28,17,19,20.667,18.667,3.869,0
2024-03-01,151,8,3,7,10,8,5,3,7.0,7.083,3.502,0
2024-08-01,87,1,8,30,14,22,18,20,17.167,17.333,2.64,1
2025-08-01,39,1,8,29,15,14,21,18,18.167,17.417,3.315,1
2025-12-01,120,4,12,6,6,5,6,5,5.5,6.75,2.563,0
2024-12-01,65,1,12,21,18,14,20,25,18.833,18.917,4.852,0
2024-03-01,158,9,3,8,6,8,8,5,6.333,5.75,1.603,0
2023-11-01,158,9,11,4,6,6,5,5,5.667,5.583,1.505,0
2024-11-01,142,7,11,12,2,8,8,4,7.0,7.083,2.712,0
2025-01-01,104,2,1,12,7,9,12,3,6.5,5.667,3.055,1
2023-01-01,142,7,1,10,8,4,5,7,6.167,6.583,1.676,1
2023-08-01,126,5,8,11,6,4,3,6,4.5,6.0,1.954,1
2023-06-01,154,8,6,6,3,11,2,7,7.0,6.417,3.059,0
2025-09-01,50,1,9,18,9,28,29,21,20.0,19.583,7.267,0
2024-03-01,42,1,3,18,17,14,27,23,18.833,17.667,5.245,0
2025-11-01,65,1,11,29,22,14,25,18,21.333,20.25,3.696,1
2023-09-01,31,1,9,20,21,18,21,11,19.167,18.833,3.738,0
2024-12-01,27,1,12,21,20,16,15,15,18.0,18.25,2.261,0
2023-05-01,43,1,5,19,13,13,14,15,14.5,16.917,4.522,0
2025-06-01,39,1,6,14,21,21,19,20,17.833,18.167,3.07,0
2024-07-01,161,9,7,3,11,8,10,9,7.167,7.583,3.26,0
2024-09-01,13,1,9,18,13,20,23,20,17.667,18.667,4.292,0
2025-11-01,3,1,11,16,14,12,20,20,16.833,18.167,4.668,0
2024-09-01,94,1,9,9,31,15,15,19,20.833,22.0,4.936,0
2023-10-01,142,7,10,8,10,11,8,5,8.167,6.75,3.223,0
2023-01-01,72,1,1,23,17,17,15,16,16.833,16.167,2.517,1
2023-07-01,140,6,7,9,3,10,4,9,5.333,6.083,2.353,0
2025-07-01,14,1,7,11,12,13,25,14,18.167,16.25,4.77,0
2023-12-01,65,1,12,25,20,14,18,22,16.167,16.917,3.554,1
2023-09-01,58,1,9,23,21,16,17,21,18.333,18.333,4.438,0
2024-05-01,44,1,5,17,20,16,24,23,17.833,18.083,3.423,0
2024-08-01,159,9,8,7,11,3,5,7,7.167,7.083,3.147,0
2025-10-01,27,1,10,27,19,24,20,16,19.833,18.417,3.175,1
2025-12-01,4,1,12,17,18,15,13,11,15.833,15.667,2.605,0
2025-09-01,62,1,9,25,24,16,25,16,20.667,18.833,5.114,0
2024-10-01,125,5,10,5,6,4,4,7,6.167,6.083,2.466,0
2023-11-01,68,1,11,29,19,20,23,17,18.167,18.167,4.448,1
2025-08-01,127,5,8,9,6,8,6,4,5.833,6.5,2.812,0
2025-02-01,62,1,2,16,29,12,13,23,16.833,17.5,5.196,0
2023-06-01,32,1,6,29,22,21,25,26,20.667,20.0,5.205,0
2024-03-01,56,1,3,30,14,21,20,17,19.167,19.833,4.448,1
2023-01-01,136,6,1,9,6,7,6,6,6.333,6.5,1.931,0
2024-02-01,35,1,2,21,20,16,16,19,19.0,18.667,3.085,0
2023-05-01,140,6,5,10,4,6,4,6,5.667,6.0,1.809,1
2023-01-01,73,1,1,13,22,12,25,11,19.5,19.0,4.671,0
2024-01-01,162,9,1,9,14,5,4,4,7.833,6.167,3.099,0
2025-05-01,122,4,5,5,4,10,4,7,6.833,7.583,3.476,0
2025-10-01,139,6,10,6,8,9,12,9,7.833,7.833,2.29,0
2024-01-01,23,1,1,23,14,13,22,16,17.167,17.333,2.57,1
2023-10-01,123,4,10,11,9,5,8,10,6.833,7.583,2.968,0
2025-03-01,40,1,3,14,21,21,18,17,19.167,18.167,2.48,0
2025-02-01,54,1,2,21,24,19,17,10,19.333,17.917,4.621,0
2025-07-01,11,1,7,15,16,24,12,21,20.167,19.083,4.963,0
2025-07-01,108,2,7,11,5,9,2,7,4.667,5.417,2.539,1
2025-04-01,55,1,4,24,21,17,17,18,17.667,18.333,2.015,1
2025-07-01,2,1,7,26,22,22,16,14,18.5,18.5,3.656,1
2025-02-01,150,8,2,11,8,5,9,5,8.333,7.417,3.232,0
2024-07-01,58,1,7,25,24,20,24,16,17.5,18.333,4.579,0
2023-12-01,26,1,12,30,24,23,19,21,18.167,19.583,4.274,1
2025-07-01,136,6,7,11,7,10,4,5,7.0,6.0,2.0,1
2024-04-01,104,2,4,2,5,6,3,7,6.5,6.917,3.288,0
2025-03-01,141,7,3,8,7,11,8,7,6.833,6.75,2.221,0
2023-03-01,87,1,3,12,14,16,14,15,14.167,16.583,4.889,0
2025-05-01,153,8,5,10,5,10,3,8,6.833,8.083,4.441,0
2025-10-01,148,7,10,4,11,6,3,8,6.333,6.333,2.934,0
2023-10-01,85,1,10,19,15,19,14,16,14.167,15.833,3.857,0
2025-01-01,14,1,1,20,13,11,19,20,14.333,17.167,4.064,0
2025-06-01,158,9,6,11,7,6,5,8,5.333,6.083,1.443,1
2025-05-01,7,1,5,17,17,23,12,17,16.333,18.167,4.509,0
2023-08-01,37,1,8,17,17,19,18,24,20.167,19.583,4.502,0
2024-02-01,163,9,2,12,7,3,7,5,5.833,6.583,2.275,1
2024-10-01,84,1,10,29,12,21,26,26,18.5,18.083,4.795,1
2023-01-01,71,1,1,29,22,12,23,22,17.5,17.75,4.159,1
2024-08-01,86,1,8,14,17,20,16,13,16.833,18.083,2.999,0
2024-12-01,42,1,12,17,19,24,12,27,18.667,17.917,4.602,0
2025-07-01,154,8,7,5,3,9,5,3,5.667,5.167,2.823,0
2025-07-01,107,2,7,5,4,7,6,7,7.0,7.167,1.85,0
2023-06-01,25,1,6,26,15,18,16,17,17.167,17.667,4.119,1
2025-10-01,129,5,10,8,6,9,3,4,6.833,5.75,3.019,0
2025-11-01,111,3,11,9,4,12,10,8,7.5,6.833,2.443,0
2025-11-01,103,2,11,5,8,3,8,8,5.833,5.917,2.429,0
2025-03-01,21,1,3,15,13,16,17,19,16.333,18.667,4.25,0
2023-07-01,134,6,7,6,6,5,8,9,7.167,7.0,2.86,0
2025-03-01,146,7,3,7,5,6,8,6,5.667,6.917,2.906,0
2024-01-01,81,1,1,26,17,18,18,16,16.833,16.5,2.812,1
2023-12-01,42,1,12,27,11,23,21,17,17.5,17.583,5.089,0
2024-08-01,23,1,8,18,7,16,26,19,17.833,17.833,5.766,0
2024-03-01,52,1,3,18,18,16,15,19,17.167,17.833,3.563,0
2025-05-01,156,8,5,7,10,9,6,5,8.667,8.333,2.425,0
2023-08-01,156,8,8,9,3,9,9,10,7.167,6.833,2.25,0
2024-07-01,88,1,7,21,20,22,22,20,19.167,18.667,3.42,0
2025-09-01,5,1,9,23,23,23,25,15,21.5,19.417,5.089,0
2024-01-01,10,1,1,31,24,19,16,18,15.333,17.417,5.961,1
2023-01-01,18,1,1,22,16,21,14,21,15.167,17.0,4.991,0
2025-03-01,18,1,3,33,21,23,17,23,19.333,18.917,4.337,1
2024-04-01,15,1,4,14,15,17,15,23,17.5,19.417,4.719,0
2023-09-01,119,4,9,9,7,10,8,9,7.5,6.75,2.179,0
2023-09-01,113,3,9,7,7,8,3,2,6.833,6.333,2.674,0
2023-11-01,40,1,11,24,11,11,24,22,19.0,20.417,7.025,0
2023-12-01,68,1,12,14,29,19,20,20,20.0,19.167,5.408,0
2025-06-01,18,1,6,22,25,17,33,11,22.667,19.5,6.023,0
2025-09-01,14,1,9,16,21,11,12,17,17.667,16.75,4.993,0
2025-12-01,57,1,12,17,20,18,10,18,17.0,16.917,3.476,0
2024-11-01,126,5,11,6,8,9,9,14,7.0,7.417,3.204,0
2023-12-01,17,1,12,21,19,15,17,18,18.5,19.75,4.093,0
2024-01-01,51,1,1,17,25,28,27,27,23.5,21.333,4.755,0
2025-04-01,67,1,4,10,22,15,28,12,21.5,21.083,5.017,0
2023-02-01,66,1,2,15,12,19,18,18,16.333,17.667,4.979,0
2025-08-01,20,1,8,26,17,28,16,10,17.5,16.083,4.795,1
2025-12-01,99,1,12,25,15,12,23,12,15.167,15.083,3.397,1
2025-05-01,128,5,5,14,4,4,8,6,6.0,5.75,1.913,1
2023-05-01,102,2,5,5,6,3,3,4,6.0,6.0,2.374,0
2023-07-01,20,1,7,24,11,19,15,16,18.5,17.833,4.407,0
2023-04-01,128,5,4,4,6,5,7,1,6.167,6.583,2.234,0
2025-09-01,163,9,9,6,5,5,11,8,7.667,6.417,3.63,0
2025-03-01,133,6,3,7,9,9,2,9,5.833,7.667,3.257,0
2024-12-01,3,1,12,14,20,13,18,17,18.833,18.417,2.539,0
2024-04-01,100,1,4,25,26,24,24,18,18.833,18.333,4.638,0
2025-10-01,88,1,10,27,15,18,19,24,18.833,18.583,3.872,1
2024-12-01,72,1,12,22,16,10,21,30,14.667,17.5,5.776,0
2023-12-01,127,5,12,5,4,5,9,6,7.167,8.0,2.73,0
2025-02-01,115,3,2,4,4,7,8,6,7.0,6.167,2.887,0
2024-04-01,137,6,4,4,7,4,3,7,6.5,6.583,2.065,0
2025-10-01,159,9,10,5,5,8,5,3,6.0,5.917,2.109,0
2024-12-01,149,8,12,11,6,9,7,5,7.0,6.583,1.832,1
2025-02-01,162,9,2,3,8,3,11,7,8.0,7.417,3.118,0
2023-02-01,157,9,2,2,6,5,5,13,6.167,6.583,3.655,0
2023-07-01,76,1,7,10,16,29,27,19,20.333,17.583,5.728,0
2023-11-01,42,1,11,11,23,21,17,17,18.0,18.083,4.66,0
2024-10-01,102,2,10,9,2,3,11,11,6.0,7.083,3.288,0
2024-04-01,115,3,4,9,5,6,11,9,6.833,7.583,2.937,0
2025-02-01,47,1,2,24,20,15,15,17,17.833,19.833,4.196,0
2024-05-01,25,1,5,24,20,22,10,15,16.5,16.583,4.719,0
2024-08-01,137,6,8,8,9,7,6,7,6.167,6.5,2.067,0
2024-04-01,9,1,4,27,21,21,20,23,20.5,19.0,3.742,1
2023-03-01,72,1,3,33,15,23,17,19,17.5,17.083,2.712,1
2024-10-01,23,1,10,15,17,18,7,22,17.167,17.833,5.734,0
2023-01-01,134,6,1,11,8,5,10,5,6.833,6.333,2.229,1
2024-03-01,74,1,3,23,14,23,21,20,19.333,18.083,3.801,0
2025-06-01,118,4,6,11,4,8,5,8,6.0,5.667,2.871,0
2023-02-01,9,1,2,19,26,16,11,17,17.333,18.833,5.606,0
2024-12-01,145,7,12,5,8,8,6,5,7.0,7.5,2.714,0
2024-11-01,29,1,11,18,15,23,18,9,21.667,19.75,4.883,0
2023-03-01,105,2,3,13,8,4,5,5,7.0,6.333,2.57,1
2025-12-01,63,1,12,27,20,15,20,15,19.167,19.167,3.353,1
2023-10-01,62,1,10,19,14,20,16,19,16.333,17.25,3.957,0
2025-07-01,84,1,7,25,21,18,27,26,19.833,20.0,5.063,0
2025-04-01,152,8,4,5,8,3,8,5,8.5,6.833,3.271,0
2023-05-01,101,2,5,11,4,5,10,7,5.667,5.417,1.929,1
2024-01-01,157,9,1,12,6,9,13,6,8.0,6.333,2.807,1
2024-08-01,151,8,8,7,5,5,3,3,5.833,5.833,2.657,0
2024-04-01,64,1,4,17,12,15,19,17,18.333,17.833,3.881,0
2023-10-01,36,1,10,15,22,24,18,15,20.5,17.917,3.502,0
2024-03-01,19,1,3,28,14,18,20,21,17.667,18.167,4.407,1
2025-12-01,157,9,12,6,7,1,12,7,7.5,7.5,3.705,0
2024-10-01,36,1,10,15,24,10,23,15,18.333,18.333,4.438,0
2023-02-01,121,4,2,7,10,4,10,3,9.0,7.5,3.233,0
2024-04-01,94,1,4,22,20,21,26,20,23.333,22.0,3.838,0
2024-08-01,67,1,8,25,20,26,21,23,20.667,20.417,4.122,0
2023-10-01,23,1,10,22,16,19,19,18,17.833,17.667,1.497,1
2025-03-01,155,8,3,5,5,7,7,6,7.167,7.667,2.674,0
2025-08-01,89,1,8,30,23,28,23,16,20.333,20.0,4.306,1
2023-12-01,2,1,12,13,14,15,21,14,20.0,19.25,4.845,0
2023-12-01,98,1,12,27,13,18,14,25,17.667,17.583,3.895,1
2025-08-01,8,1,8,25,21,18,20,20,18.5,18.917,2.968,1
2023-02-01,42,1,2,14,26,17,17,22,19.333,19.417,5.744,0
2023-07-01,24,1,7,26,18,20,20,18,18.5,19.0,2.985,1
2024-01-01,105,2,1,16,7,10,7,4,7.333,6.917,2.712,1
2024-04-01,19,1,4,27,28,14,18,11,19.5,18.75,5.207,0
2024-06-01,86,1,6,20,16,16,18,13,17.167,17.667,3.284,0
2025-07-01,78,1,7,18,16,25,19,16,17.667,17.75,4.288,0
2024-07-01,143,7,7,13,9,1,7,9,7.167,7.833,3.01,0
2025-05-01,39,1,5,21,21,19,19,22,16.833,18.25,3.166,0
2025-10-01,124,4,10,8,5,6,5,10,4.833,5.417,2.503,0
2024-08-01,93,1,8,23,19,16,24,21,19.0,20.0,5.17,0
2024-01-01,145,7,1,8,5,8,12,8,7.5,7.417,2.503,0
2024-02-01,50,1,2,19,24,17,18,15,18.667,18.167,4.821,0
2024-08-01,148,7,8,12,4,8,4,4,6.0,5.083,1.881,1
2025-04-01,120,4,4,7,5,11,8,6,6.667,6.833,2.48,0
2024-05-01,5,1,5,24,12,27,20,24,19.833,18.417,4.522,0
2023-12-01,121,4,12,10,4,8,5,4,6.0,6.25,1.815,1
2023-02-01,14,1,2,29,16,17,22,11,16.667,16.5,4.815,1
2024-09-01,10,1,9,27,16,14,16,8,17.667,18.167,6.147,0
2024-02-01,41,1,2,21,19,16,20,11,19.5,18.5,3.705,0
2023-10-01,122,4,10,12,12,5,3,8,6.167,6.333,2.57,1
2025-06-01,20,1,6,28,16,15,14,16,16.0,14.917,2.937,1
2024-06-01,97,1,6,13,23,19,20,11,19.833,18.167,5.323,0
2023-04-01,137,6,4,7,5,11,5,4,7.833,7.833,2.823,0
2025-08-01,22,1,8,19,17,22,13,20,16.667,18.417,4.461,0
2025-07-01,66,1,7,17,14,12,22,21,17.667,18.25,4.159,0
2023-06-01,36,1,6,20,21,18,18,28,17.0,17.833,4.668,0
2025-01-01,78,1,1,19,17,14,18,23,17.833,18.417,4.358,0
2025-02-01,73,1,2,16,21,20,9,15,15.667,16.75,3.98,0
2023-09-01,4,1,9,18,15,19,19,18,17.333,17.833,4.13,0
2024-11-01,35,1,11,12,22,26,20,16,21.5,20.667,4.638,0
2025-02-01,90,1,2,20,26,20,23,16,21.167,20.75,5.594,0
2024-07-01,91,1,7,28,16,18,12,20,15.333,16.25,2.832,1
2023-10-01,86,1,10,22,22,13,19,22,18.333,17.5,4.359,0
2025-09-01,68,1,9,19,21,27,14,20,20.0,18.917,4.889,0
2025-05-01,163,9,5,9,13,3,3,5,6.167,6.333,3.676,0
2024-08-01,33,1,8,18,19,23,28,20,20.5,19.333,4.539,0
2023-05-01,106,2,5,5,7,6,8,9,6.333,7.0,2.558,0
2025-11-01,86,1,11,26,12,22,22,14,18.333,16.583,4.602,1
2025-09-01,2,1,9,21,17,26,22,19,20.333,19.5,3.943,0
2023-05-01,125,5,5,10,8,10,7,7,7.667,7.333,1.826,0
2024-11-01,71,1,11,10,13,24,16,20,19.833,19.667,4.03,0
2025-05-01,55,1,5,26,24,21,17,21,19.0,18.833,2.588,1
2025-07-01,153,8,7,1,5,10,5,8,6.167,7.917,4.562,0
2025-02-01,154,8,2,4,6,1,6,5,5.167,5.833,3.099,0
2025-01-01,26,1,1,23,16,19,14,19,17.333,17.917,1.881,1
2023-12-01,85,1,12,27,16,19,15,18,16.167,16.333,3.846,1
2024-08-01,92,1,8,20,10,19,14,13,16.833,17.917,4.889,0
2025-06-01,113,3,6,9,3,8,4,5,5.167,4.917,1.929,1
2023-10-01,27,1,10,15,11,18,15,20,16.0,18.5,4.583,0
2024-03-01,5,1,3,27,20,18,22,15,17.833,17.667,3.393,1
2025-05-01,142,7,5,9,5,5,9,8,7.333,7.167,2.691,0
2024-02-01,85,1,2,15,24,27,16,24,20.0,17.583,5.316,0
2023-12-01,100,1,12,15,10,14,20,23,15.833,16.833,3.46,0
2025-04-01,132,5,4,13,10,9,7,4,7.333,7.0,2.296,1
2025-07-01,145,7,7,8,9,5,12,9,7.5,7.167,2.167,0
2025-12-01,22,1,12,14,27,22,18,28,20.833,19.833,4.802,0
2023-06-01,4,1,6,19,21,17,13,17,17.667,17.417,4.166,0
2025-06-01,126,5,6,7,11,5,7,3,8.167,7.417,2.275,0
2024-04-01,157,9,4,7,10,4,12,7,9.0,7.5,2.97,0
2025-04-01,106,2,4,9,4,5,11,9,6.667,8.0,2.73,0
2025-07-01,37,1,7,11,16,19,19,20,18.167,19.167,2.949,0
2025-05-01,136,6,5,10,4,9,5,9,5.667,5.833,1.801,1
2023-02-01,85,1,2,24,18,18,13,19,17.333,17.5,2.611,1
2024-08-01,96,1,8,23,22,13,14,17,19.833,18.667,5.211,0
2023-02-01,28,1,2,19,18,13,15,14,15.333,15.667,4.185,0
2025-05-01,1,1,5,27,20,21,25,19,20.667,19.417,4.379,0
2023-11-01,105,2,11,10,7,8,5,7,6.333,6.5,2.576,0
2023-12-01,67,1,12,17,17,24,18,25,19.833,20.917,3.728,0
2024-04-01,98,1,4,23,19,13,30,16,20.0,19.0,5.576,0
2023-03-01,53,1,3,23,13,14,16,15,18.167,19.167,5.132,0
2024-06-01,49,1,6,19,25,15,20,16,19.333,19.25,5.048,0
2024-12-01,83,1,12,27,17,18,14,10,15.667,16.167,4.877,1
2023-05-01,85,1,5,8,15,16,24,21,17.333,17.75,3.306,0
2024-04-01,48,1,4,17,19,26,20,14,20.667,18.5,4.815,0
2024-05-01,27,1,5,19,18,21,20,18,18.667,17.083,2.811,0
2024-10-01,18,1,10,19,23,18,14,17,18.5,18.667,4.228,0
2024-03-01,48,1,3,19,26,20,26,21,19.667,18.667,4.868,0
2023-03-01,104,2,3,14,6,9,5,6,9.167,8.083,2.843,1
2025-10-01,31,1,10,22,20,23,14,18,15.167,16.833,5.524,0
2025-05-01,81,1,5,27,18,25,22,22,17.833,18.083,4.4,1
2023-11-01,45,1,11,22,25,11,15,14,16.167,16.75,4.137,0
2023-03-01,110,3,3,3,3,7,7,9,6.0,6.583,3.029,0
2025-05-01,109,3,5,12,4,8,12,4,7.0,6.75,2.179,1
2023-03-01,66,1,3,20,15,12,19,13,16.167,17.417,5.035,0
2025-04-01,145,7,4,12,7,5,7,4,6.667,6.417,1.505,1
2024-09-01,153,8,9,20,6,8,9,6,6.833,6.5,1.508,1
2025-01-01,136,6,1,7,3,6,5,9,5.0,6.0,2.216,0
2024-04-01,151,8,4,5,7,10,8,5,7.667,7.417,3.26,0
2024-06-01,69,1,6,25,16,19,23,16,20.0,19.167,2.125,1
2024-06-01,111,3,6,11,7,7,5,8,5.333,6.5,2.067,1
2024-05-01,115,3,5,2,9,5,6,12,7.667,7.583,2.937,0
2025-06-01,129,5,6,13,6,4,4,11,5.333,5.25,2.633,1
2024-05-01,67,1,5,21,12,19,26,17,18.833,19.333,4.271,0
2025-08-01,115,3,8,7,8,5,11,12,6.0,6.5,3.06,0
2025-04-01,154,8,4,5,7,4,6,6,5.5,5.917,3.147,0
2025-08-01,106,2,8,10,6,7,6,10,6.167,7.167,2.517,0
2024-03-01,118,4,3,11,7,7,7,4,6.5,6.417,1.379,1
2024-08-01,13,1,8,13,20,23,22,15,19.0,18.833,4.086,0
2024-11-01,1,1,11,26,26,13,19,12,18.167,16.917,3.728,1
2024-02-01,62,1,2,23,21,17,17,16,18.0,16.583,2.746,1
2023-09-01,156,8,9,8,9,3,9,6,7.667,6.75,2.137,0
2024-02-01,53,1,2,21,21,18,15,13,17.0,18.25,4.845,0
2023-09-01,140,6,9,5,8,9,3,6,6.667,6.083,2.353,0
2024-11-01,32,1,11,17,25,11,23,18,19.667,18.417,4.144,0
2025-08-01,36,1,8,19,12,16,18,10,17.0,17.083,5.435,0
2024-06-01,112,3,6,6,5,8,11,6,6.833,6.5,2.316,0
2025-02-01,25,1,2,11,20,13,18,10,17.833,17.75,4.615,0
2023-03-01,123,4,3,14,4,4,8,9,7.0,7.75,3.137,0
2025-03-01,22,1,3,17,14,24,28,11,19.167,17.75,4.731,0
2023-06-01,95,1,6,23,21,11,15,25,16.833,19.083,5.213,0
2024-04-01,49,1,4,15,20,18,24,16,20.667,18.25,5.048,0
2023-11-01,140,6,11,4,6,5,8,8,6.833,6.25,2.179,0
2024-06-01,115,3,6,8,2,9,5,4,6.167,6.75,2.989,0
2024-06-01,55,1,6,20,21,18,14,16,17.0,16.75,3.545,0
2025-05-01,85,1,5,18,18,19,17,19,20.667,20.0,3.693,0
2025-03-01,107,2,3,10,8,7,6,6,7.5,7.667,1.923,0
2023-11-01,139,6,11,5,12,4,6,6,8.5,7.25,3.137,0
2024-11-01,155,8,11,7,7,10,11,3,9.333,7.75,2.927,0
2024-07-01,77,1,7,21,22,14,9,19,16.0,17.5,4.189,0
2023-03-01,155,8,3,10,8,5,7,9,7.167,8.0,1.859,0
2023-04-01,39,1,4,22,16,14,19,22,16.5,18.417,3.288,0
2024-10-01,161,9,10,11,7,6,3,9,7.5,6.833,3.46,0
2024-11-01,18,1,11,13,19,23,18,14,17.833,18.833,4.196,0
2024-05-01,69,1,5,16,19,23,21,25,20.333,19.917,2.466,0
2023-12-01,84,1,12,14,18,26,15,14,19.0,17.917,4.441,0
2024-05-01,144,7,5,3,8,3,7,7,7.667,8.167,3.639,0
2024-02-01,21,1,2,18,18,17,15,13,17.833,19.333,4.097,0
2025-05-01,152,8,5,11,5,8,3,3,6.833,6.833,3.271,0
2024-09-01,52,1,9,25,21,19,19,14,18.667,17.917,2.466,1
2025-12-01,108,2,12,8,4,9,8,5,7.0,5.833,2.855,0
2025-07-01,47,1,7,19,27,15,13,19,19.5,18.583,4.252,0
2023-11-01,103,2,11,6,5,3,3,9,5.167,5.583,3.26,0
2024-05-01,130,5,5,9,11,5,9,6,8.333,7.25,1.96,0
2025-01-01,71,1,1,20,23,10,13,23,17.667,19.167,5.042,0
2023-07-01,127,5,7,9,7,6,10,7,9.0,7.833,2.791,0
2023-05-01,113,3,5,11,5,7,6,6,6.0,6.5,2.236,1
2025-08-01,47,1,8,14,19,27,15,18,19.333,18.583,4.252,0
2024-01-01,128,5,1,10,4,6,13,7,7.667,6.75,2.598,0
2025-05-01,146,7,5,10,7,7,5,13,6.0,6.75,2.734,0
2024-12-01,47,1,12,15,15,23,16,24,19.5,20.5,4.079,0
2025-12-01,112,3,12,10,2,5,11,8,7.333,7.833,2.657,0
2025-09-01,28,1,9,20,24,21,19,26,19.167,20.083,3.502,0
2023-08-01,153,8,8,9,8,5,6,6,6.5,6.0,1.859,0
2024-04-01,160,9,4,3,7,3,2,9,5.833,6.0,2.594,0
2023-06-01,100,1,6,18,18,18,16,16,17.833,16.833,3.46,0
2025-04-01,164,9,4,7,9,3,5,9,6.0,6.917,2.61,0
2025-09-01,134,6,9,5,7,7,2,10,7.0,7.0,3.668,0
2025-04-01,57,1,4,13,15,21,15,18,17.0,18.25,3.251,0
2025-08-01,53,1,8,23,16,15,14,22,16.5,16.417,3.147,1
2023-09-01,81,1,9,15,18,15,18,17,16.833,18.0,4.068,0
2024-03-01,113,3,3,8,1,7,7,7,5.0,5.917,2.678,0
2024-11-01,151,8,11,6,9,6,7,5,5.833,6.25,2.006,0
2025-07-01,29,1,7,21,13,23,19,25,19.333,19.667,3.499,0
2024-09-01,76,1,9,22,19,19,24,28,19.833,18.5,4.796,0
2025-10-01,10,1,10,25,19,16,14,14,19.667,18.667,5.416,0
2024-11-01,164,9,11,4,10,11,7,9,8.0,7.167,2.443,0
2025-01-01,110,3,1,15,10,9,8,10,8.667,8.0,2.412,1
2023-05-01,76,1,5,29,27,12,17,24,16.667,17.167,4.951,1
2023-02-01,153,8,2,5,4,3,6,6,5.5,6.25,1.96,0
2024-04-01,21,1,4,28,19,18,18,19,17.833,19.0,2.523,1
2024-07-01,45,1,7,22,15,16,11,12,16.167,16.667,5.123,0
2023-12-01,122,4,12,13,8,12,12,6,7.167,6.667,3.025,1
2025-02-01,141,7,2,7,11,8,3,11,6.833,7.083,2.539,0
2023-06-01,150,8,6,11,6,4,7,9,6.167,5.583,2.392,1
2023-02-01,161,9,2,12,7,10,12,8,9.167,8.167,2.167,0
2025-09-01,41,1,9,17,22,15,19,23,17.5,18.417,4.461,0
2025-10-01,41,1,10,21,17,22,15,24,16.667,17.917,4.231,0
2024-05-01,145,7,5,7,4,10,14,10,8.167,8.333,2.871,0
2023-11-01,107,2,11,7,2,7,4,3,5.167,5.333,2.229,0
2025-06-01,16,1,6,11,20,24,21,13,20.5,18.917,3.777,0
2023-11-01,101,2,11,9,6,5,7,4,6.667,6.167,2.29,0
2025-09-01,118,4,9,10,2,4,11,2,5.667,5.667,3.339,0
2025-01-01,31,1,1,24,18,12,18,17,17.0,17.0,3.411,1
2023-12-01,8,1,12,28,19,23,16,17,19.0,18.75,3.745,1
2024-11-01,134,6,11,2,6,10,5,5,7.5,6.583,2.429,0
2024-10-01,35,1,10,22,26,20,16,19,20.5,20.417,4.641,0
2025-11-01,150,8,11,7,6,4,10,9,8.833,8.0,3.104,0
2024-09-01,9,1,9,12,23,17,11,16,18.167,18.917,5.501,0
2024-10-01,104,2,10,12,5,5,1,11,4.333,5.417,2.712,1
2024-08-01,91,1,8,19,28,16,18,17,17.167,16.917,4.337,0
2023-04-01,117,4,4,10,4,7,7,4,5.833,5.5,1.732,1
2023-10-01,133,6,10,8,5,4,14,11,7.333,7.083,3.45,0
2024-08-01,138,6,8,9,8,9,4,5,8.333,7.333,2.871,0
2023-06-01,99,1,6,10,19,18,22,24,19.5,19.0,3.668,0
2025-06-01,24,1,6,16,18,24,17,18,19.5,18.917,2.811,0
2023-07-01,125,5,7,6,7,10,8,5,8.333,7.333,1.826,0
2024-05-01,154,8,5,10,6,5,5,3,4.333,5.333,2.188,1
2023-04-01,38,1,4,17,26,17,29,13,22.5,20.333,5.015,0
2023-07-01,43,1,7,25,16,19,13,18,16.167,17.0,4.492,0
2023-02-01,120,4,2,5,4,9,12,3,7.167,6.5,2.431,0
2024-07-01,140,6,7,11,8,7,9,9,6.333,6.333,2.015,1
2025-01-01,42,1,1,24,17,19,24,14,18.5,17.083,3.605,0
2023-05-01,111,3,5,11,5,8,6,5,6.167,6.333,1.67,1
2023-05-01,92,1,5,26,17,19,19,13,17.333,17.917,3.801,1
2025-11-01,121,4,11,5,9,7,12,7,7.333,7.167,2.125,0
2025-09-01,26,1,9,22,17,24,19,19,22.833,20.083,4.738,0
2025-10-01,24,1,10,18,16,21,21,23,19.333,19.333,2.57,0
2024-02-01,6,1,2,23,18,27,20,14,20.167,17.583,4.481,0
2024-12-01,51,1,12,14,19,19,23,25,21.333,20.333,4.559,0
2023-05-01,45,1,5,17,22,18,13,14,17.333,17.833,3.433,0
2023-03-01,76,1,3,12,17,21,12,32,15.0,17.833,5.766,0
2023-09-01,26,1,9,19,17,12,14,18,18.5,19.167,4.152,0
2024-03-01,112,3,3,11,5,8,4,7,6.167,6.5,1.977,1
2025-03-01,17,1,3,30,18,20,23,18,19.5,19.083,3.728,1
2025-01-01,135,6,1,10,7,6,5,5,6.667,7.25,1.603,0
2023-09-01,153,8,9,6,9,8,5,5,7.167,6.25,2.05,0
2024-04-01,82,1,4,20,17,17,17,22,17.667,18.0,3.303,0
2025-07-01,49,1,7,28,19,23,17,14,18.833,16.833,4.086,1
2025-04-01,76,1,4,21,20,25,24,18,22.0,21.0,2.629,0
2025-07-01,137,6,7,6,7,3,6,9,6.5,7.25,2.05,0
2024-10-01,110,3,10,8,6,10,9,8,7.333,7.75,2.454,0
2024-09-01,127,5,9,12,4,7,9,9,7.0,6.25,2.05,1
2023-11-01,7,1,11,28,19,17,18,22,20.833,20.917,3.343,1
2023-08-01,164,9,8,11,8,7,5,10,5.333,5.5,2.714,1
2024-10-01,117,4,10,8,4,12,7,8,8.167,7.75,2.989,0
2024-12-01,31,1,12,18,12,18,17,27,17.0,17.75,4.475,0
2023-06-01,94,1,6,28,20,20,10,17,16.167,16.333,3.916,1
2025-01-01,50,1,1,18,29,26,10,24,20.5,17.583,6.855,0
2025-04-01,10,1,4,32,24,12,21,23,17.667,18.0,4.71,1
2024-02-01,114,3,2,3,4,7,6,5,5.333,6.5,3.119,0
2024-02-01,28,1,2,15,27,26,15,19,19.167,18.833,5.357,0
2024-03-01,150,8,3,2,5,8,9,7,8.333,7.417,2.503,0
2024-08-01,78,1,8,23,16,11,13,21,17.833,19.5,4.503,0
2024-02-01,78,1,2,24,23,26,20,16,21.167,18.917,3.801,0
2025-03-01,15,1,3,20,16,17,15,15,18.167,16.75,3.793,0
2023-11-01,49,1,11,20,28,13,14,14,17.833,17.083,4.926,0
2025-04-01,104,2,4,15,6,9,12,2,9.167,6.75,3.467,1
2023-06-01,112,3,6,6,8,9,7,11,7.167,7.083,2.021,0
2025-10-01,135,6,10,10,12,3,7,5,6.0,6.583,2.678,0
2024-10-01,119,4,10,6,8,5,6,9,7.5,6.583,2.193,0
2023-04-01,10,1,4,14,20,14,18,12,18.0,18.667,4.376,0
2024-06-01,142,7,6,6,8,5,11,7,7.833,7.917,2.353,0
2025-10-01,33,1,10,24,23,19,24,14,20.833,19.833,4.086,0
2023-01-01,148,7,1,7,7,4,9,7,6.167,6.583,2.429,0
2024-03-01,132,5,3,13,3,8,3,9,5.5,6.333,2.348,1
2023-07-01,11,1,7,35,19,20,21,30,17.5,18.5,5.179,1
2023-03-01,163,9,3,8,5,11,6,9,7.833,8.0,2.045,0
2024-05-01,124,4,5,8,9,6,5,12,7.833,7.667,2.146,0
2025-05-01,144,7,5,11,5,6,4,3,5.833,5.833,2.167,1
2025-05-01,96,1,5,18,20,17,17,14,18.667,18.833,5.042,0
2023-02-01,89,1,2,22,25,21,18,17,21.333,19.75,4.92,0
2023-12-01,51,1,12,25,28,27,21,30,22.0,21.75,5.294,0
2023-01-01,141,7,1,1,3,3,9,8,5.667,6.0,2.892,0
2024-04-01,10,1,4,23,23,14,31,14,21.167,18.75,7.25,0
2025-11-01,2,1,11,19,19,21,17,19,21.167,19.083,3.423,0
2023-08-01,75,1,8,30,11,27,20,22,18.333,18.0,5.205,1
2023-06-01,46,1,6,13,15,16,20,12,18.5,18.083,3.423,0
2025-12-01,67,1,12,24,16,27,19,18,21.167,20.583,5.6,0
2023-06-01,48,1,6,23,19,14,21,17,17.5,17.083,2.61,1
2025-02-01,142,7,2,9,8,5,12,5,7.167,7.333,2.871,0
2024-12-01,111,3,12,4,8,6,5,6,7.167,6.25,2.301,0
2023-08-01,77,1,8,18,19,15,27,12,19.833,19.667,4.697,0
2023-04-01,69,1,4,25,17,18,19,17,18.667,18.333,2.64,1
2025-04-01,91,1,4,25,19,14,22,12,19.667,19.417,4.926,0
2025-08-01,7,1,8,20,9,15,17,19,15.5,17.0,4.553,0
2023-10-01,131,5,10,5,5,9,6,5,6.0,5.833,1.899,0
2023-09-01,149,8,9,0,9,7,5,7,7.667,7.583,2.503,0
2024-01-01,1,1,1,14,18,12,14,15,17.0,18.083,3.315,0
